__v,_id,body,createdAt,threadID,updatedAt,userID
0,639d639938b2c988a48ef1bf,"<p><strong>Bư</strong><strong>ớ</strong><strong>c 1:</strong>&nbsp;T&igrave;m tem Qr Code được d&aacute;n tr&ecirc;n sản phẩm v&agrave; c&agrave;o lớp phủ bạc. Lớp phủ bạc để đảm bảo kh&aacute;ch h&agrave;ng l&agrave; người đầu ti&ecirc;n v&agrave; duy nhất kiểm tra th&ocirc;ng tin chống giả v&agrave; gửi th&ocirc;ng tin về hệ thống.</p>

<p><strong>Bư</strong><strong>ớ</strong><strong>c 2:</strong>&nbsp;Sử dụng camera của smartphone v&agrave; qu&eacute;t m&atilde; Qr Code</p>

<p>Nếu xuất hiện website ch&iacute;nh h&atilde;ng Pisen c&ugrave;ng lời ch&uacute;c mừng nghĩa l&agrave; sản phẩm tr&ecirc;n tay bạn l&agrave; h&agrave;ng ch&iacute;nh h&atilde;ng</p>

<p><strong>Bư</strong><strong>ớ</strong><strong>c 3:</strong>&nbsp;Nhập ch&iacute;nh x&aacute;c th&ocirc;ng tin người d&ugrave;ng để n&acirc;ng cấp g&oacute;i bảo h&agrave;nh từ 18 th&aacute;ng l&ecirc;n tới 24 th&aacute;ng. C&aacute;c linh kiện pin iPhone, m&agrave;n h&igrave;nh iPhone,... từ 360 ng&agrave;y l&ecirc;n 420 ng&agrave;y. Hệ thống sẽ tiếp nhận th&ocirc;ng tin kh&aacute;ch h&agrave;ng để đối chiếu trong c&aacute;c trường hợp cần bảo h&agrave;nh sau n&agrave;y.</p>
",2022-12-17T06:27:44.980Z,639d635e38b2c988a48ef1aa,2022-12-17T06:27:44.980Z,639d630838b2c988a48ef19c
0,639da27234766730c7d43034,"<p><img src=""https://picsum.photos/id/1084/536/354?grayscale""></p><p>hello</p>",2022-12-17T10:42:50.818Z,639d98ec38b2c988a48ef22c,2022-12-17T10:42:50.818Z,639d61bf38b2c988a48ef12d
0,639da64134766730c7d4307e,<p>zzzzzzzzzzzzzzzzzzz</p>,2022-12-17T10:42:50.818Z,639d635e38b2c988a48ef1aa,2022-12-17T10:42:50.818Z,639d61bf38b2c988a48ef12d
0,639da9f5712d62dd83bac683,,2022-12-17T11:35:56.250Z,639d98ec38b2c988a48ef22c,2022-12-17T11:35:56.250Z,639d630838b2c988a48ef19c
0,639dac0aa57ea5f97dd6dcce,"<p><br /></p>
<div style=""text-align: left;""><img style=""max-width: 80%;"" src=""data:image/jpeg;base64,/9j/4AAQSkZJRgABAQAAAQABAAD/4gHYSUNDX1BST0ZJTEUAAQEAAAHIAAAAAAQwAABtbnRyUkdCIFhZWiAAAAAAAAAAAAAAAABhY3NwAAAAAAAAAAAAAAAAAAAAAAAAAAAAAAAAAAAAAQAA9tYAAQAAAADTLQAAAAAAAAAAAAAAAAAAAAAAAAAAAAAAAAAAAAAAAAAAAAAAAAAAAAAAAAAAAAAAAAAAAAlkZXNjAAAA8AAAACRyWFlaAAABFAAAABRnWFlaAAABKAAAABRiWFlaAAABPAAAABR3dHB0AAABUAAAABRyVFJDAAABZAAAAChnVFJDAAABZAAAAChiVFJDAAABZAAAAChjcHJ0AAABjAAAADxtbHVjAAAAAAAAAAEAAAAMZW5VUwAAAAgAAAAcAHMAUgBHAEJYWVogAAAAAAAAb6IAADj1AAADkFhZWiAAAAAAAABimQAAt4UAABjaWFlaIAAAAAAAACSgAAAPhAAAts9YWVogAAAAAAAA9tYAAQAAAADTLXBhcmEAAAAAAAQAAAACZmYAAPKnAAANWQAAE9AAAApbAAAAAAAAAABtbHVjAAAAAAAAAAEAAAAMZW5VUwAAACAAAAAcAEcAbwBvAGcAbABlACAASQBuAGMALgAgADIAMAAxADb/2wBDAAYEBQYFBAYGBQYHBwYIChAKCgkJChQODwwQFxQYGBcUFhYaHSUfGhsjHBYWICwgIyYnKSopGR8tMC0oMCUoKSj/2wBDAQcHBwoIChMKChMoGhYaKCgoKCgoKCgoKCgoKCgoKCgoKCgoKCgoKCgoKCgoKCgoKCgoKCgoKCgoKCgoKCgoKCj/wAARCAHgAoADASIAAhEBAxEB/8QAHAAAAwEBAQEBAQAAAAAAAAAAAQIDAAQGBQcI/8QAPBABAAIBAwMDAgYBAwMDAwQDAQIRAAMhMRJBUQQiYQVxBhMygZGhsULB0RQj4VLw8QczYhU0Q3IlNVP/xAAZAQADAQEBAAAAAAAAAAAAAAABAgMABAX/xAAjEQADAQADAAMAAwEBAQAAAAAAARECEiExA0FRBBNhcSIy/9oADAMBAAIRAxEAPwD1xCP+qAvf+MWMfcTiF50z0ywg+2tzBLT6A6Sk7ecXL4+FkhKqV0b25WOlYXx4wEdrMv8AlyiEZ5omMugyuMbNq+MNRbrj4w79XScJxjEW62HteP8ARPXYmpPq02Ibgg3n5X9bZ6f1X1EI7RJWfas/UBlUpvSFX/5z8s+sMo/VPVVciEunCsipi+nF2XpU752aM6qFgu9JzecenSxvqp542/nOjrPzKgNhWWv0VXXZ3QDoFdy6Rzo0nayMi3a+7nJpQiSHrjNo9tcZdZSIR0wjTx98fKNrT0dujGXt6uL3yyHV3485zaGpcVlGRnSTiSqL8XiazOwJvwpKJK0KawUIXVHg3vNCzloXjGpLGrvb5ybQ+SUrjbJ2qqMWR1TU42LXKMRl09MnEkG5Jrx8YF/5XQfGfV/DpXrv0bEXf5z0ZKjYBeDPP/hy5aspsWIFXtu56KNjzZ4rFyvs5/mdcDH3NJX2zTJX7ZcdnAyuRzv3zF1TgsEXhzfU9T8r0OrOUowOnv2z8aVkNXVtP75+pfirV/K+ies9nUJ0u/F98/LYilUB98GlWivwr0ppx3j1Peuc6dMFXbis5iEiXVd50aMpA9Rv9sqkmVZ06Y2V/OdWhHU7FvPPP85yQk3s9Ncmd/p5Tkl2ic12ymXBYdGnK9pPSVve2MTBsRPPnBW1tXx98lOHsdgyi3F0I1eyspO2/wDHnHhIu74/vOSPVIRlafOVhJjFrJvVBxOmrs/rK9VI8pwZzac+q157ZTU1LhsYeQZCUdRdVOqMZx2C6v8AjOrT9Z6uEpS09SaR2AbH+c/O/wATGv8AUvqUI+i09aJpWRlDbfznE+u/Ev0uEZRlq6l37JQvY+22Nnvs5vkfZ+t6X4g9TAD1GhpSDndHL+q/EHpY6MvzNKUZdPf3B++fk3ov/qBrEYnr/R/mN1JjRtn2/V/WND6n6XTl6TTYW7iu2Budk845aOTX1p6+pLU1G5zl1Y0Dqiiv7ORiTkNAyN2/GdMRknSdNHAc5FtN1np5TSgZRSmMZU8oN1nTpSgaaajQG+LpQ9oyksk/jOrT0YTj1MQl585rRV10DSjGe9+7sGWlHViFbp2rOjQ0OpGrjHKowJCWcYUKzhjqVVxR8XlI/rCcv67Zb8mM164FdslL07F6dP27Y1ZpS0JWkR/nOj3QbAR+ds+dpvS1OMotd87NKRIOmTKj9K4+uzKo6GQu0a785SgiANy4PvkYceM+j9F9P/1v1b02nft6mUn7ZLShj3H4e9J/0n0rT0mMeuR1Tvbdz6UYvXVl/HGBDgOON8xybG2TZF9hj1R/SU/s/wCcZYpvbI/b/GAung++GR7o9O0cRGMhe252rNvsJX7Zoy3risYWTbtjGosY75gs7bdsdftmAX7/ABzmotFgS/8ASfG+CfVEdh2pvDKCbKJnmPxx9Y//AE70H/T6Eg9TriFPB5zDZVZ5X8a/WX6h9RPS6N/9PoKSR/U5546Lrqrvu42mspVIVd7ysYSXhb+DI/Z2YXFBhDq0/dJU4AymlKjokJXHf/GGUfyyPl5DL6emz3MqlBmxZA0b1l9KUYtUguNDTI+4rZvKGn0tlU8D5x10BuqCTiJKTy/OSbh5Y87P/Odc47FJ7u2IRYDRY9sadGzoluafWy2q9sSSMLPcc4UNKIDGnzxi60Z/m17elOTBnoLdOb1MbplKjsEcaPTKB1tAVRlkvaY/GQ04pJGj4MPIm80LUf0W32c93+CfpEPT+kPWepi9erCoFcGed/Dn0k+oeu0tNlN0j3zTsZ+lkY2ABEKDF5QTTB0RnG63qhVwwiVcSo9jMO8it6++KSWpNkfkxFaD30MvbIuzx/8AOYl0y9tC7f8AnGYQ6rf5xViUMi8Guw5UFJRra+o55vMk5xKPmrzaiFEBwEiS7od98Xi/oZs8mAtGz4cPRFkm+3N5tpPuuKeeTAvuXq6sd9k250B2h+lq+byjHqeqO7RvgQs6uTcx27j5eMyQKa0Dv2zWFL9jB2qlW1fm8ay2xL/jM6CE9WyEopdxrnPy/wCqpH6p6oETr/Vn6dNGLIDja8/LPqcK+o68eSM6u/G2Vz52DKrE6n8piIX8b50aTIKW13usjpEgOmNvn4zphGo1x8Y/Ra9HZ6WMYiyo6jbOjRiMS9lLM4/T2+1v4zr0WUWmk+2+OuhTq0dLnqiX/nKxIGoXQn9ZPSnKy7Csux60sr5MDdFVMR9y3Fs4xYnTw+6/6x4RYpvtW3fMoASU8UYjK5cNBl07tYshk8jjgJcpdIfvihsgm+Bmfp9j8MQkR9QqvHbzeffBjFAXPifhuP5ejr7NshVXjPuXsp/OSrRz7XYDmuqqczdNb4G5SCrKwzL/APnNRfo8p+O9T/8AxfQyRlIPvz4zwUdLoanMvPX/AI/1SWt6bQtsta+NjPJEPayR3898Vvsv8XSKxqUelu/PjK6DcbQs7mJFCAg35TBCf/cJJfz4yuI0U06dmkRk1zJz6WiEpBHkOac+R6eZKb01b/Wff9ORYbivxjeCM35UZ9PdOc0oBdd86IRQENsDDevODl2E5pQJy3labUnGSnpn/qR8Vne6JVvOI6V/pa8YaY5NOAtR58YvqX8vTkySg85fo2WPV1dm8TW0nVCM/cUiB5wNumlPy3X+q+uGZpapp+7ZDcxNL6t9SYdD6yScbg3/ACZb679Nl9P9XKGrFITWUHfi8+eDGSBs7Xno/BhaSp5P8h6zrsv6T8ucTR/IJTktyXz9s+56bTjoaUdPTHZa+c4fo2lCSzYL0t35c+1DTWYlnxXGcn82Z1xyd38HGmuWh9OPSkjdzo0ljECv+M0NOEg3lfFR5zqdAQkFTHznIn+nc1SWnGU5G+x3M7/TQjJp6urk7ZGOmxq5Fud3pdFtBlKV3sVRjInrLL6caL6fd5vM771ldOM/9UWKYWPTGh2x8smc/Rbd05pQZV7wO+2X6CMVd9slLc54+MfoNOX1GlqTh7GK/POJDS/Lepiv+2dpBke16fmrrKOkdLvv898blEMmcum1tOQvjPbfgj0aaOr6vUjTL2xPjffPIw0GU4hIjezZdZ+ofT/TvpvR6OiUdEaXI6YvyRIuUFYxIV2Ac0a7t5ir3oMmc49q0xqu+ArqazABteMj1W7uI32FA26ksuvGYKwJzwYSJUe7j+AqMU/q4wxCjp/bM9IXeYi9Mp/6K5c1Mc/rfWaXofR63qfUPTDSjbv/AFn5D9S9RqfU/X6nq9eR1z4jzRn2/wAbfXJ/U/VnpPT/AP7fRakv+uWfAhBXaiJzk9baL/HjqmhE05/pW/6M6YxjYBR5xIoe17Y4e7YaxpSy6HIaaUxF88/5y+nGqNtj9VZPRhsSJHT4MuIm5vjJQD1QounvuZo7nN0YWIyvc874B/LyiRkPCVxR2+cSLa2MY9mxvAS/MavpfgwyTZa2+MM/TIacSRVG3275ySgaShGh7mXjQiU5PWjKTfUnxXOK1Bqc7LqYjJf3wwhPU1iETqnKXT98nOqmKKfznr/wL9I69b/rfUQ9kT2W83eb6J66PSfh/wCnQ+mfTYabGtWXunLZv4z6bE28j2wRiNgUHbG/RGLt4rEpFumA/T+ke+L0HFI9t8MqZcb71vgkcSu67ZkFsEouymxtxV4UqItFd8aMO/N24rfSh0ilbmFjJ9CyiVa73kmCz5AOzlkurATxiyT/AFt+C8VagDyjDqbTpPL3wRjy3f8AWSFa2A4oKxzjpv8AbCk8m9GR1N+qvnHhEnDd6enxfFZKG4c7ecpHbjnMK+jdVCDYYIasZyY/qovnHB5I2h5xGISWI3/jD6b6F1dNYSYoUWWcZ+WeuWX1P1PTLnUWwN8/UfUT6NGdtUcvbPzH1X/7zWKZSk2zOPOMuhvj97BK7u2kq8OmTjMdqGk8mNpioWRHiz/jKadRoaTzWUyyilhTT1JkY3ezufGdWnLqtFq747ZzQ4sPa52enuVEU3527Y/QWp4WgdUJHValZ06IxjQyA+eM5gIbCPm8rGQyJEdzBpIn6dXECnavOS1G+HdzdMpBXHZvFWZKRKMWIchveLRs5BGUpHuiFbXjKUSjxx98Qucb4ykI1Df9sV6HeT0n4binoZrzKd3v/vn0+JO41nB9Bj0fToCbykt3n0EYNCN+DEOXfo3FKlOTkvQsUa3xm3sfbOf1Mvy9Oc3/AEC7YIJ6fnf4u1XW+talv6Rrf7Z8jTezs/OV9dN9R6jU1pT90ptNfqLyMosaQd9sRo7sZmRyQ3HfjOjTOoF2rJen0GUxkMO3Fjn0dLRjcajZ/eblGNBdKEdP/wC3ED4z6nppak4HUdNbc5LT0Iie35zq0YLKg2775TLEaR0jI26ZLXHFYsfdJ6hiHnHese8sTr1Jyojs/P8Azh5AWC1QlVMZH3yLBRZVhZSlJlLfA6jZHcf84KFYE6A2jzgkb+42+PONDmulfvgIxF2+xmboUj5v1j6Tp/U/QOlN/wC6bxknfPzj1v0z1Ppdf8nU05Rl1d97POfrMovTRtezm/6XRlEdSMNSRwpxl/j/AJGvj8IfL/Hz8vbPCfTvRzh6WEI6ckCuo4fnPp+m+n60p9RCtjZc9b0HR7Ygd6MzpQZDK9is5vlet65U6PjysZ4o8/6f0Gqe5kEOCJvnS+njBiygsvNcfxn0zTenyffAxQTfnEzlsfTOCHpITS5Uj37Z3+l9O/8A8cupfispDRJF7L5rLEHoalLbgvbKqk2ybCUZ1KnITj0pUQ3zslpKWLt2yGqdPP8AGHkKkckunc/1Ha/+cnOBEsWnjOhNPUiso9TWzeSlpw6K3P4vKLVA0SOQs3zpo6CzfnOX9NUXffOzQiz0lkcf5zCHV9G0Y+o+paGlwL1fxn6LGNX2HtnjfwZodfr9bWY//Zjz989la01ffJMn8muwdqL37VjBXSJVc4Yq7DmlFvZftgJp0eOCmyjbMcbuMFt84hmCh2d80QiB2Mayij74st3ZrC2bwL5zyP47+vf9J6f/AKH09Gvqx96do593679S0/o303V9TrO9BCI0ybz8i9R6nV9ZqT9RryvUm22YH0V+LPJ1ktOXRAJSVeXOrR04trG6yEY3G2P2vOzSgCyIptv/AF5xWqzq+gw06uTFctpgyKkbciYav42wkiMemd18f+Mus9CtuDyKiHYwwksekvfxg9tbSU/zjRWd1VHF4ySFSH07UHZ+TNONwaqT8OFUOxXOYvd74UFagA6aP01zTgm3tHfzeGmVyQXbbJ6ldFC13zehotyUEInxj9gV++J0pby7b42nGWokY/qWgMTTNrov9D+kP1T6hQf9qEvfJLz9K09P8mOnp6YwhHYrttnF9F+nR+negjB00nPecnu259P9IX++Tb+iOt0Lxz1SKvbDK0tDbtijElu7fPfNdWx2fnMkTARiEU4b/bGkVVNvjzi11j1Su/2xogUF0FYwTdNacal083W+LVBaMsAUt7/tmlSUieKxWMmGaEK48uJIOLOrthd+mlr5wUosZJmiRr2eUEQYhThqSN3IvjBN6pHFdwwkon6Tp/fGemwvo0CRtbFc0jflzdVrXPxjIm3JXHzgEboIjY9XjGod7Vd8nXsA+e2PCQKI1hN4jm+oThH0s5ap7Olujdz8004jKbbatZ+gfiHUYfTtR9vtOPhzwXAbRTzhDgaR0vSPEb5yeiq9M75wT1DeuTxnRpwn0xWunz+2Vyoi+EU0S4hI2y9BKotVkYlRjXI73loac5SGQdPJvhbC0Xjosk6ZAZ2R0o6cbFenu5z6UWPNr3yxvu2B84vL9FRWEyQ3titQAiV9seJG9rXCi3txit0plDaAKx4ovBLT6y7GR422wMgP1bYaAjKMrb874rDD6v0P10NGH/T+o9pawn2z75S3bXxnjIt2SGzanOz0Hr9b0r0wfzNN36JP++KR+T4n6j07tEB2M+J+KvV/9N9L1ZRmRnKoxK752Q+p6GpoE5y/Kl3i755z8Tyn9RdGHpZxlCFyRsx/Ec+cNuHjpmogMhftldKGpOUTpXu7Xn1T6RqSadSMUL4vOrR+mQ0uo6mfUc8Jkaehnzs49L0sf0yL/wDfxnbo6IW3Xistp6EIyrcTs5WGmxu+DfCkBsWGmVSt+cvpxLbxDqSqT7lZWMKd3KJCsrEMyo1F27nnNCuBcLtM8ZoZMyCUpfjBALGvdvxhknVxeaHO2xggwem8jOBb3ysn5/jJ3f3+cwCTCK1F/kx4RrisYjvdmbo7xd3nMY2ml0c9y8fpP9R7sBF/847Dpbt84AvolGKO5ce++Y0up2F++Pe9/tlIwJFjvhQtIy0+mW27lt4jf9ZpR6XnBTVHHfCEY4v5xNWBMCv3rKx6EWSFYgHfAZI4tb0glFA77X/vnP0OkAr0/OfRkLV9s0oPC3Gs3aM+z5ko6aixo+Mp6aMAQkrd/bOk0IBadVFuTNOEESKfG+/841Yjyj1n4Q0Ix9L6jU2JzmfwZ6EticGeQ/D/AKw9JOZNrR1Ob7Oet7CNx+O+Kzl2oxrEocO5W1mK9MmyzGrsOLGK3CgCbqHmsxtLZvE6bjaCmFkdPTTv5xWuzXo0pIoNebyerq6ejoS1daSQhFkyrgMpTXu2icZ+dfjj69/1Wp/+neikujB/7kx2m+MaDZV6R8j8UfWJfW/qTqQs0NP26UHivP3z5UISjK+pD/04WPKp8Bh0z/1rgX4deVFC3pwdxR5zrhfKPxktKMOdw850V79ljHbdymcm0PAN7L/5whXDVYm+1J98YuVka285RKITkTndW9nestpe6O3GJ7YxB3f84ZTLuJThjBaUE4U27Y2iS6LvqPnJxp/VV8/bH7WbXjTqgsDJlDpOR/rJzbiPmsYSTuKZMkya227cLggA9W4AW7Wu2ei/B30519b/AK3VjRFYwK2sOc+T9F9DL6l6w0NOCwEdR7Bn6ToaX/T6GnpacSOnAoidsm/Qa1FCkSqjz3/fDEZLTZ4xBnwbV38/GEJEmwv4xGuyRoxEJe77GFiMihvNx3/bFNkrd+cEHTQXdscZUBD7mCwjTXPOGLFqLW7hTAxW5AoHxFcR6qYhscY7D2u9jw3hCIDLYu//AHWZmRhUe3xkpRkt0/xjTIWtjLtWCZZSX33zGh5OLdsf/nMdT0xJUDvsONLdNv7xUuq2Uxkgsp0oVZtilidzNUg25wEqW83oo1U87YNSngrbCSuKmJPbcdq3zJGZ578Weq6fRfkistTYPsjni09tMkSqoKz7v4r9U6/rYx0+p6barjjbfPknprjeoodt+MKffZb48A3ISlZbxtWbT1ZRlHqj1Bvzj/kd4nPLnRp6dMTpEOz5xrS6UDpV0E49Vq0VuZe004dEB6u7d4NMNzpBOazqh07V28uDwVsMJNpI6d97zo04yexXyYunSJLh7Z0RkSBr7VivsHSEnAlIZUHiMcBCPtYlpxeWgsnbb7Y+xtduAdHPGNR6U3e/xmh1lll850IVbZ8ecLAQ8YB+iXuk7hXnNFel3qsr0hFDhxZxCIRrFdM0iaXIVfvjx2279sSNUqrX945tIb3+cKoIhpyEp2zBQ0ivxg/WlxtNsp10LKt3jA8iiOnFbtHbG6XdMo1IENuc3BTmyoY0YXG2vjH6QLMjKLRTVuU0hZB4xgQYidNmJOr5vKVbzizh0r5740MicuXfnGLfJWEKNzjvmha8uAe9Cx5zSLN+Hw4zvXkwJ7LQzNCPUFbjHnjCH/N4KVoMeLS9RuYqoDF30rs4Q6bLwMOqkxq244xkg00Y9UuTKBtzixPGG6eLrNGZ9jxP4zIv/GYpL/SfOMtJV7ZqZCuncGyz5xJeKzpi7c85LUL7b4BkyFNe3angzIUsuXxm6gluuae0dnnMZk2b1ew3ds0INjM5wRsbaMdlwycKA0dEUbhI2z63076nqaFQnNno1w8nznn9O2Xtc6oSvpOVzQlrN9Pael9Zo60L0pRl8f8AznVAHZAfnPC/nSjIYyYp3i59D031r1UDp1f+9A80bfsZoc+vjaPVXV8fthpd47vjPl6H1b0ciBLU6JLSSz5n4m/EEfR6P/T+il16+obzHaJ+3fFYiy30c342/EL6fQ/6D0Ul1ZlakzseM/PYlzWMZ08Wb/fO78ufqVkLKQ7snff75aPpSEoyk/FDxk22dvxY4rs+bDTrTD3SlfbKaEZVvp9Qd74z6MdHuhXnHjpC8n7d8fiylhzQYBts986OpryJgl6djPqiD8FuMMtTZEcrlwi+xY6dUq8cZSMALTCRSIOnW3m8E4bjxXOWtFgsvbW3tzRAW3bx8YZr0YdK1ZS7eMyAYlEBAxYzI7GMtrZtk57RK3cMBTK9O2xeH03p9T1fqNPS0oylqTaAyZHqBu/NZ778K/Rf+l9LH1WodWvL9Mb/AEmK3FDNpHf9H+maf0v0ZoiznJ6py853snq3NnGpZA7SwyKOb+KznfpOi0p7fthnqVAtePnMURW0cy7rgaAjRidX6m3zhdPces+NsX9Tdc5h6m04/esKbDA/6i2virwSQ22HttjWobx+yc4i2P6afPbAFDRLFK27OGddF/P84kY77bvG2BlKYtPTe2aMJtSpysu/8YCMhklvjb/jFhv7oH7OMHuVd3sdkzNMZHkjewEbN/ONGTeyBmlF/UV9nNHYOmNGUq+hZAEt0sv7YaH/AHwsOrsbc32zEAl2t7Xi9oHpiJXJ/OcP1LXhoemZLSvHn4zulCVchF3fjPJ/X/Wfnv5EK6T/AFGMv0HrPiylPW9RqS1TeTgCMo7N+BykY9TAkMiLfOPEWLUel+TjCunTpz0iZ1IRjtXnLRtjTttV4kRifqixv9KF/wDOVoNoLWM2hnWMMS7dn4y0YxIisU+++QY1p/7nbLRAoOq8MqJv0uEY1TffKRlcGUlewmT6WB1FSfF42mpGPYS6HEgxWP8A+NhlIkqUyUZe6h92Vj1d9zsuZ+Dm6p3udt8pFKrlTE3dlv8A3wliJV3VYrQQ0XvdYJNQerYwS6CRbS9jvhJ09r7YEjUU0+F47dsxE7rjJuyu8UjGW7zjGbY3KJdONGzbEjcdzpA84xKW/t3PDzhWRaVjsW8ZX2sL3rxkoz6Y7i34yo7FjeDiLyBI34xQpNjKC8o1mTqOK/bA8wZaNF5vFnEd3CPVEaaxW7dmuxgT/RidHTUiw+cNMk36TDKuMWMgaecboVsaZ0d7fOT3DnnKHuBxZ87FnxjPPXRPlWT+eorGi8b5pHVwG1YeiN3Hb4xUh6PGaD4xi9kcnE7P3xxY7ecMA3+DddNy2/3xusl8XiDJ70OGohe44GBMrpRqZTfzlEjbfLkIIL3MpFZPwYIOmMVvV1iyvpez5xzdxdS+k71mGOdi+NsHO2NqdVbRQ84ke9L/ABmQRkIhe+JIH9ONJOnd3ONucReo+c0Chto1TvmJbJz3xRvkbNzGjVFt/OZdAaGg+AysdQZc5zd67+MfTObArAxWky7ItbPtnNracZxdh/zlZRptGnYwdEebp8YrQFmHFIlsDYdsVqUgd59jPoSgMdgyOvpE4B0lnjBBkiOiJdlOUlp73WAJahcSk+XK6V9ZGW213jJwLyR1Ixjuq/tiMKle4Z2zgkx/0u3Vk9Q9jHv5Mck1CDDb25LVCKl74dQemRJeh5xXpkHQlFXXjHyK0IblUN+cMI9IEaNuMlKaT9thhJUL3yiQlYdVa/VQdskSAbRPGVY9V3ueM7foH0jV+qetYxgfkw3nKTsZuUQD6v4O+jHqJw9b6mAaUH2Ffrf+M9ytO2bS0YaGlDS0zp0oHTEwb2nbOd6bJvXY1RZWNYspS3O3nGUjsFvnFHs8ZNf6Y0eC6zeTpwzSdlL22wCid/vjGB0xW3qC+2GJCqI1Ts7/AO+b3DKLXOzmglVJU8pzmZlUZgR3VX5rAWxR/isybU398MYpbVnH2zIIsWrooMAU7FHjM96452zTvrKj7fuYTUAKtVfnBKMZoWv2w9bfTHY54wB021vmHTPKSd3nNFWjtmibLv8AthBuyv3T/fNIIxm6ravtg6elu+T/AN7YIe43rDNuLZsYQHJ6zWNDQnq6lVE234zxWpq/m6k3qG/cP3++fZ/FPq7lHQhOqLlEz4BqRjAem/jGK/Gr2WVtSt80ZWR6b4byLKPTzuuwGaUiPG9YORWRl5Rn0nTTe+VjGS7n75yk5xfbFfgOMpDUkyYyEbqsI0f0WdPeRe3ZvKNWxq4xA275NmvSEb+Lx4oU1TjZ1RX/AKXhpkIkSJzvjxAoi798XTktLGjwZaLeof6fnMwdoAxETZf7yl211bdrwMIt3G27u3bA0p2xXGUTKRlvTWNKfnj4yZARFzEHbfGSBUx/1RvpLvnD0JFYmDTmxK2xxVNzfjFjQUwWpvziWvu6a+7jfl72UnOTl3rGhg++RElJe97f7ZQ7GSjIk0Y5GYvTLbx5xvoQtGyir8ZaFJ36s54Owb1lyZVxLxUjacKhJK7ZuD3Up2vB1Vh2d+P9sDAmC4tfJiTknxgivVVWY0hRtwQNIx93HHn5xrCNViEgW3+sfd/S71tmSA2w1t4+DFlGtjGiVHfd+MVnewb46sJ0UUdys0vcbn/OGQ8XmEK2274sHTBFpMpH37+MSDW2zLzlAa/u8aBbBtuXXjB1EXv/ABjUV7n+s2k+XqPtgaCn0E2jfnKaT0vxk06iv/Zjxltvz5wQ1L2PIW4szfZK++bTlvu85oxZ9UgdubwQNhHUjZTtidKEmL+zl9Sq37d8lHd3uu2Bj0jJ884Y3F4FexhlC7p3zM9245lGYz1IH6XuYNVjEPO2B1AltfUn8YIt+53k4H/huQ2nvG++NsF81iU8Fb9sMBumsEN6XhPqhRZi6kSUGL/OAE2KrGk9sDUMgL7Q4rb74yFub8vrjVp9stCF/NYEN4TnppHq3s8YJQ/O3CkOKrLkVvZU/jN0Si2G1YYHl0cq7dDEs2yElpOM7daBIlGkebNs5dSEgu7+7jkXmkdWPVCqLM5NoXUtnfOiavZ+azn1+LibZRdiPonB6jqt/fCTb5ycTahern7ZbS03UnGMI9U5IEawvoSlvR+l1/Xeq09DQL1Jv8HnP0r6Z6DT+mejh6fQB7ya5c4/oP0eP0r0/XqV/wBTqPufB4M+s2ng5ybZLTHLrapHhzf185oMfuY0wvqs/wD61k2xUKqh7r2xHZtSsfcQjgN72N8w4KKsq1xtttqvzmIbUOTkKNftg9AUekQbs+NnA7vN5gJDG6zIRXn75jGju+7fFPbQXhIu/NX3wUWecKCmjB7k5B74hCRTVj84621eDe7O2HXRgR27e7AxGN3d4Z0JUd+7gjZGrSJ2vFtCeTNjpFTBKgrpKcYTms0JrJuq8XjGYSPTyV9sXUemMuGKb1V4aYytNvlzh+r63/T+i1ZnINF8OGCnivqPqJeo9VqzkKcBb/vkoabqD2pqkx4wkxtrLU9A3VNN9/4wo6stJQlHTIyd965XKaYMaOPOZ2pLZYwyWvjYx1mmbDDpFtrKQAeqPfn5yGzV/ueMeMbYwlJpOax+KGTheG2oXW/O3GdGlXW81kNMrpWSvzl4KeL+/OLIK2X6YwjZC/jH9u3nOVlLZvZ7DloyLpMzQyVKMRL/ALzTjGMboHDKwNqvFfdGulHMlQPI0KThwO75TbNAIr1m3b/2YYHStcONnPQol7y+PnKRhsJdPDWAOmW2484zP2/7YoaMRYyq7ycjxmJPC/vmk73dGHsVei9FNdTjjXHGCxN7HGjzGo293DAthC3fHiJw4T3SpacrGAG5bi+AtAX5x68q7eMXN17bbOGANvG7HGJKP2ycXdu9++O7Xt++Zo1pBTqsrbDGVu6uHp3cWqlTgSMxrQqJtmNgs4wSQeNvF4er45wyCi7r4xqOzhA3oLcWQl1hiYKPIvg3wlt9sWNsbOc2xLdq+2GfQyYeo2twTu7jtWZI3Vl4GNm7fjbMswPIZmUNSIrV1tlIKDdNZIk9QAv75TqqQVitApXqKK4xj9O9b8OT2lY7YoEQ7YrSHTo12Ut/tkpvuxpNFmQ1phVyLf6wBVG1JBGm855stSbE2DfnLRLMYhbaU4qg4unCMUUr5y04nd7ZP8viW9ZSNpdF4YYEA6L7uOad8b/tiHUG/Sx898p1DDnucZmCjyhFl7Sjxg6d7N8EbXY75Q2/S0uCUNgYyp4ykT3fpfvkpR9wxNq33y0JNV++BqGHUoLD9+cWUlK7GKyvtTiyYmzzjLNMCckjZt8mc03fvnQx6to18mc62FlXmhkzj9SX7tz7OcGpLqUeDPo+r0+rToAlyOcE4Sdukvvhy50JpUXTldWg57b8G/Rwgeu9VH3y/wDsj2POfD/Cv0eX1D1HVqxkem0n3oc/Gfo3TGARhREKCuAzbZz6c6KoRUd3zeIjV7Vm6jo5usL8mSpNix8m2MzaI1dYEaqMtzfjMSY874WBAYjK+785pBGlN8ePd2xXlcA41bcYoFm22bZjzxmvfc/fAbw3SrcZV+2GxaU/jAAtcZuqKBfu8+cwWHYGt8TUHx+2VnSc0nnJQvjdw2GWRSgOqN4d3gr74yA8kv2qsCNO4B2zPsIvuHgrvbmii1FK84kySpezs4jp27PGDj+Gp5Zjub97Qxnkr+sMig6Y71eAskEosb/rKVChaPF93PNfi71MdPS09Jl75NqHbPR9Vnt5unPF/iLV/M+osFL0/g75kFHz9O4ykRkEpd3GbT3J8V5yBIhqCXt4yk9V1HpjEbyqSKplVCV9PPjGFd7o4znPzWTRT4fGNGOp1VKcg++2P0kPS8umPEgPPnGgLXTIEW7yMdOZtOV73uXedUNKWzCR++bI3hTTjcmk28uVKCyRTxvy5zpOCp33dsJKoxsS3C8/Yvvp09QUobdjtltN94gfvkbCPOGEhCtl84nEdM7JEWO1D4DABtbtiQ2DmCHGPGbCV7L85vAOi6tR1IyFCuMaKJugZpMZQuTUn4xTpK8ng2wi+BmV3oyY9FW2uUlcoClBk+lq0zcahew6aom15SMRN+f85Pcvd27dseElKY0ebzLIbA9LZttjAxjvtgSVUL/OFXj/AGxkBsEY3ITbOiD0r1I12yUVHd/rnKDJ3QfnMxQyq9vjMu1UGLJJHVxWO7x3rf4wMyEqMmVMrOPGFs5bw6YAVhu1r+cVjEid9nFkde0bykogIDeJ0SYcVgSFYkYMU3vKxjfbfISZaZ0y5ysFI2b1WO83wRsdQ22ExJIpanxg6up358YzETmsCRuQC+zjBe+ASqrfzmiyX3VWMkahI3WxTs3jm2xte2YWhxi+erM6w1CPTF9xv2QxyvnJy31AvKb8XggaY5asxZ1WzeOzI7rvnOspKlBiaQ2XQSZS2trm83R1fzzlQOn9ArgCVtB8mKilBdV098Mno3Td/rC3LbjFl42PlzQNCS3b3wMkbC/OGFHfbBGur4zQCGvqjxmWqNx8YDY3zRuUrXMkMXhOiygxWVb3gjdlbuOSeHbNIYrHcOnxzmg1Yu2aEmjbbGKY7m2BoCZn3Wjk7jVd/OGU2untkt7XAmGUMit+cmp/GOy9pt7sne/N5k6ZdEpXfSNmS9PoauvOOlpxvUm9JWdEymyqz7f4S9IavrZ+o/0acek27uZia1Eem+mehh9O9Hpen062PcneXnOqEbfOb2irEk9t+MMZVa7f74jZzBQibc4I28/thW4785ovmnBKYCWbm+CMRONzHlgAOKzGB0F8u2CZELVxvbXh/rBGrR4O2BUwKCPLXjzjR6adrfPjNybV1OIO1/5wmKVvsW4iNvb4wolb4qolYEELztWaXFNGG1Dzmbr3W5mYRG/Jm6JLRMqthOcL1Bvt2xnpI814zI1ZGpAvtMAS6vasv2/4ykz3sU275kONr4/93jBjPJisdgxQeq7ducMOauswIocy+MEgq6JaisVKFz84+qa0dT6nrMdNLk8u/bP0T1x+X6XU6pbRLs275+Zt/nyq2Mrld3lMDL0pCHU2APG2dEIkU7PfBot0RIr4vDTKUmPDxSZRJspUVgm0vvxjfm9CHT7Xv4yemdMQpMpK9qp24eMfhRXozIiKDam9ZWMmMyt3IkrD3JvvWWjpIUyK+2UWZ6Omy8pEj3c+HDFjdxiFlV2yGnBjJlKRb3MtB61p3MEhuUKRaTYp85SHQO8R32t4yVb3Idu2WA6RP4vfNDJjhbzQ9qxkeq7vMFBhUlVc9sTWApwZIAdW2SlFjJRenzlY3GNgZHV9/fDxgORUNv8AnFle+CEhibt4yKbkunyYySFpqlGr2DGJnNV8Yspb9JJ6e9maCcbYUhGx4z38XwZTpspq8WHCu9f1lEjIC0+2GCtk2jlw6WpdvY4wsS2rzBxeLoZaKS90dnisUi1Q5iQcBjxCXb5wQK1BtOPtbf2xZ6aDTTjkaPF4tg7yv5wcezcmT6mtsw2llrxglEkSas8ZtOQcHtxohawaumPar5byfRTY7Ha8rqI8bF5KXPj5zQFGJ+d080YZClmzixjGR7tz4cfcABzQ1E6pXxjQkrUrzRjLqtBx40FJvhjNUE3Qv9sYbrejErvErNKTF3zQ1BN6ZgrXBjOqRN7t71nLqTiN3/eLHUZJW44mohl2W6lrG0re6/OJGbKW4mUHpOd8Qpkrpsdxf2zS6CNN7b+MmahzzWY1SxlGr+cHEweqNXBKwEtrDJy1LOngvYw/mSDp2vteGBTHk32++aNlLwYtlnXu5WE4h7v4zBospF/PzmJLzeLqbvUUfvmJEgHnBBqVhJAO+OSJctZBihZm0o3MeK5wxMX3s7oSE9vGO3GO1fvkIS6dOVcpjfmLW27g41ABOu9ZI1PF/bC7KP2yc41G484IUybUd9tsWyrNvODqqNpv8YeuKWjghmZX4z3H4a0zT+k6Nm87ktc754aB7gjurRt3c/SPRaLoel0dEuTpxC6rFbRL5GWj0k9+M0nizCFlu2FsDw4jIiy7XFzR6S+lb8OFXviseNzfveFADG+Kr/fGKF2v79sXiLfB3wre2BoNCgu1V8YBN7jWGMavdf3xZC89syQKEPt5vNa7ds1VGgBwRJPNZghkPV+rb4MyXza/PbDcjcrAvexwf4E1osbDbvgIoklsf4wtTrquszL8x/UnxmMhJhW+Ej2OMar81eB22jmC6LJEPa3/AFgTjYf3rGirLhvETqbbMydNTyJL3e4SmsdovvfnjF02IdET93vhZKU7B/WMB9Hzvrr0eg1SIDTSNV3z87JsSpDttvntvxVP8v6TPqblKgb73/xniprIOmRlMtLo2f0aGoSkFPXltL2vAYmmQi9j/fGix6kCPTz9s6MpvxB6Hd9hN++WYdWmiSP3yUQntQJ/eXpidJxjd+MKgIRbC7vjLxOj9T/GJG/bvTjRFG+XtjDUv1HbjjHjxZsYkBFvp6nfzh3Sm34O+BIHpRZUkUbqtspCDGSy5O484sJjLbKSkVZ4vDA2DR2alUh/9Wab7lK6XsYsUPdzW+MXIEoHesWfoagxk1VO3GFWt/7wCWXdZpMXaN0+cABYyCVYesi2KPG/GCBY+282oNYUqAKrXuHnesLI77S8YhJq3nsYZSI0u/7Y3gjKjGfSsDqO95WDtXGc8JXv1bfGUio83tzgFZaIJ+qv2xtquz98l1lFPOEdht+2ZroVODFr1HSD2rKaftP/AMnEi2VlIX5xYNaY1GiV7/xglIlG5b40ijem+2TN5WjXYwQPQs5MYrtWJCVxL584+q1BKazQNr22xkgPQu49q7ZmDdAvxjTOqPDfxi6b8I4yQmtGhcTpoDnGIvBx4xrdrq03LzcmyXjNQC0aIha/tmU4q3Ayo35xJ6kTirM3UD6P1UFGR1OqV24s2WpGzg74jGU6WWy2mSpVIno9UpLHs0rnT7urYXDpQCHFY5H3bNYJQ2EyLe22PXnnHkB/qu/jjBe1Jk+JXLRJjRd39sDubiftlJBHcafGEbNzfCk/sLZBiJT/AFmImmm1/wC+Vopop85i6r/OPBUww9wcYJwTje8Ire3HjGLrmsTSCmLGAnbCRrg5xo80xazcl1WaUPgal2x49Nc74rYW4I0inG++HiKUktHdMMrKb38ZNn7RAyc2pf398yRkdAdTztiT1Mk6hsXvmh0hy7GLxGoJ7lj98EAjdO7/AIx6vh5cciKDdViNIdM7Pw9of9T9X0IUdMVm/Ab5+gG63xnk/wAF6ECfqdZFnGoC/OetCpfOR10c3yusR6m+cMVAH+satu1d8Vo7OBOiDErNzFVexWEqr4zTi0IKd8JhE6arccYj87ZoyuhATnCC3tsd8Jk6bePP6cL5d8z84OtF2LxAxGlXUYYy6ja6+2Bbb5cwy6qf6xjGXleMamDcX+M26tA+bcHUSHq7dsBqDqi98QTbd8Bjky2ohf8A774O9sUfOEIxdblmIX3a+ccDmVm3ZxOKvc+2LBqMIHLX8ZPTjUOo+e94/tTcD98WIVXIbnbGSAeSDY3avxgCILa32cEetiooeMEo7b/1jR0Wnnvxrt6CIpI6j2m9/GePhNjE6KD/ABnqPxkMNDTiCSZCd/OeVNOc6C7G+a2y2MUVfhUlFjvG5ZeBD8su1XbbjOWUFQsPvlYz6ohGmXk/850rrwdFKIy3i8XnRCQR6gr+XEkGyWv3zEugKN8dKmbQ6oee+WKjGxFvzk4nUO3O9mUIbUA/fNxpuUKxOp25P6ym5IBNvORgSjOu3m8sxkxJJxzh4dA5IaAsh2+crbX/AJyUZIe4Csbr7BvipArLace985SqDlvOZ/MK6Y3XO+XjqBGmszQaacYSjUo09t+Mdj7Q2/nEnI6SukHNCN7y3P4xZBlr9EnGW3RW53wkSIRZK847LZ22yTvvf85kjWjLca7YKGR22zPVxJiDxXOCPTd9VV574WmK2NFA2798rF6YtJbnOoy4qOG04i1dYVkm3SobVtWWgcNqVnK6m8hi/fG05PScl9saAh0xFdsZQOd8iaxErqGfjNFlKPVID98WUPheMrLujGJi1/qyMGwqswjV8HjbBwiM9UbVWR03Ttmj22xJakaZLt84PzKpppwqeGpSbey4gkRLNuc54M5Skz2rKOirs7pgqQrVHNR4u/tmNWUpVXSXh9P6dj+r9kyxp3/zmbbDnMJUXvbikeK4zr6KPLkyNm+2Ix0yRBsLenAxprhywbUSHFIl2nfFg9BEYvnGG96wKWlH2rDGgK2+MdZA2Y+OPGLOClnbnHC3nYxZ0DubcYYgJip1l3bi7lXhaTd37ViLuN7GKlRqPdm1X84ScukEMDcgpwxFDbjNx/DUK38Y3TRvvgke28Ua77ZuIeRcFCjjMEl5K8Vk4tb2jjdRd3tgeYbm/s0pEY8/1gDq7g84NSPUDbXe8UiQNx274YajSBrwZpacaKq75rFXgHnDNRiOCBWiM408v+2UUkFDtmn87GRjJut6rv2wNUojpFd6/bG5OdsgTrpd6+O+VJFPbbjI6Q56/wDCOhDR+mupdy1p9X7G2fdFlB6efOcX0TRND6V6XST3dHV/O+d1VQecjo5tdsMCquX8ZiN8t1mjcZURzAnNb4orNKKH/nFL2axq385qXa8JlAKVTQ4bj07qSO+Bjsd80enaPdzN0yAV1UXXnG7ecztte5i9O+yJgCESPO2Ha6FvBxLisKFJtvzhMDc3w3fPP2zcSR2rM/DRmpkjS32xX28n8Zv9V71m6V528VmGD07g232zSWN7UPbNGIRuhvFkR6AD9PjNL4amQr9OEpqlzEo7Mq+LxdrS7TD4ankYTo7rV8Yqyl0vzjsdiLw7YPaESvNYy9FPJ/jSdaekBSkk2rjPJdTcZ8eM9d+M4+zRSfElp7WZ5OvzKkvbbOj4+gLsrGfXUplnFJlokmHSbb7Gcun0rvKkPHOdEZVKPTG77uXSGShWMpsCxj5PGW0ZdMiSl7mJNjI71gIpCKL0vfKCaOi7mAfv8Y8o6VnVLqbqvnzkDrvvXmry2lA7181gevw0vpTT1eraMSjly1SlEsf32wQekblFDgHCda9Icb4vLVCsoDYW8YOskld8aOhOa0+0O/nGl6fTjElBkTP/AH3xuUDBtPUBud3dYXWG64fjNCN1tu+TGdFjqC9HTwdsV6T8BxJkllQWvxnQSWIeMSR002EvtlYfmSjRKMD4N/7xWxkictRaOn4++A6mh2vKkP8ATOV/tWN+VcSo2eL/AOcHMMOSUQ51WXc2xahHdLeec6JacJSkyg8Udq/jF/J60KawrdFeRDUivURoKOco6kBlvxtW+KaPSbb/ALYY6bJ+3fG5QTiT1tYJhETa98MdadB/nHh6YXqUW+XGno+6KbvfDaBI0Xq7WnOGftjV/tjQ0ZdC1uVt5y0dIXe/vgTaDKcXuTfbK/lrKNMj7KZ2R9PCqlE2ysdOEQAC/Lzg02ZJI4v+nJ8jTyXlNL0xGLQ7u1t0Z1xiRbrfBPdOnjESY1ROOkESwa71m1NNjuLlo9W/f4xxj1blY3ERs57Yv6WsaE/bTVn9ZVJLsYJR6fC4fTE3qq1K4wRLtQMpLTJR5T7Yi9JQ43BGTZHWUmU7VjxnZuG2N0tfpG8StkCsXiPUZFa2vBI22tw7Ed6PGEkG0ecdISmqUUOlt34xWpPVKvi8pKXlrAx9vSP75ojJskR7jidPUN5aq25wIRrbbxiP8GXZz9E43e55vKRUoLxrETjA1ptXzhM9BkolyE+2EBMgyvlykJ7Bd4GmFOmjCl3533bw9Xt2wanG6Xk4Vart4zKQDZeMqpqzGfBveSjqwDteLLUluwMWQKZoHTdybO2UTrTqLr9s4zUqQzq8uT6o7zCucEGKyVTisnqPxhZRTm9snqS8YKOnB4wdw2753fSfSvq/X6Ghtc27b4N+2cH5lhw59z8JR/M+s6Uv/wDnBkn7V/viaC99HuCyJGxrj7Zqss5zPFXuY3TGxFTis5WRMIjdV3wTl1vnMx6b+OMWMVtJIfPbAgtDRLq1DNwvjM3EaX9s0brcb+cwjBS7FYJDGLTv4xgu/bvitqcfbMY3UErDf5zW9uXDUTZ3xaXjg73h6CmNYtd833L+bwiIXb84FoVxV6GmkI2YemUm1o+22bdjteBY4yCZhTs3++Ny0O9Yt0lm2BPa9LTZXxm9D4bixOMJKv0x384No92uLKwnanbzzhofRDTu9yvFYye5rf5xlYvx4xXcaH42xW6aQ8cyGh5N9u2GX6blv4oxRiSNvdj9bvxvhgp5P8aSDQ0Lem5NNXnliXTGJG1z1X41nH8vQjYMJ7/xeeY1J9cTqa+2dHx2mXRI6urpgc/bLacJxQlK2NUHDg0ZwnJ9iPaSV/jLKSeZCAbvOdebAvS8NEmvT1FeKzp0tMIkdo1sYuiAkZcvfOiJ7qK5xpRakNKJsaYu2/bHNPrC7j/nNHqOmg6r5y0ItLQvjM0ZMWGjG+7lmPS9R9sbTezGkysqYKHu8XmS/TNiXJgV/m8MdNk2tByJhhCcpivP9ZapRUVwaX4BagpDpEjsYSEZUtqdsPJZvvjsloBO+TWWO3QflRluFPm3DKHScbZtMRrxj/r25wwBOzlA++UhvA3sxj2TsWqzHtDasHFBpGZbw4hvXSl/fOiYykcV5cDCJK+k2wQ1Jx07d9/nKEKnvHc/vHjtB2Le+GJTbu4yzSbZNj8ZiN8m2U1OkCW72xukvZr/AHyiQokYpjwgsq2PnG6bCpUZq4rjzg4hoJRqVbtd8LJiAF4QuQLjMY22OCfoBOp6K5cMNM4VzQ06nf8Ap7ZWGaBYhEOavNLpRvZMoANLvizjGmsLROkY9dlXWE3aRyhGuH73haranAkGk50VuZB3nVXXfH9RUU4pxIBV1jNDJ/ZQV4xQCTe3zge2+/nFu0bwpCvsCPNj8Xm05RTu1hb6kefOEHa28eCpwPU8K04EudRbxZyvjBGdSeONsm8lEyko7Vxi9N7POZ1AGxftg/NlLpNMeO5X+cn0mOuxZHTHb+cVl1IO+bWhqT6WrTbnEjppNJbyPDgevwMIalxU58YmnqSSy3tn0egnXXE2+M5fU+n1I/8A266OarjFW2/QyE76kBvKzjtsb5HTVLrY3Kzr0C3q2Y8GZp/Qf+nDGLGVSzpq9MBqs6NbROm+jqxAANtsdf8ApE7COpoxmHNmLLTI99vLnfEEKPtgnEQ2P4xWp0FaOGOj1JXjBqaND+rbtnc6aDKI1kNSLqFAj96yb6KJ05NL2nTu/fPWfgPTIz9V6hvtpxV/d/2zzMYlodjP0H8LelfSfRtDTmVqTuTv5/8AGS+RsLkPrRF3ec0YnVvhbrxipTal5zsnCkqp+MUPde22L1VztjFy3wKhFYt9uMbiravMtbxbzMrG+/bGFaN3K4zUDe5gjscuDdla7YvdCOgxdnqxOkrcr98ECpsqOr7c48hXag5zBUNJ91VZi3UdhPu4YhbY7ec35alt08Y/QAgkecUlHmIpe+2EOk2/fMSDZOOKzeBhtgtVfti8Lavy4wEnxWBCQiDXjMmYL07Ut+KzB1PSFl4IsXm37YLYySjp7WmEZMHJHp2vZ22/rC+1e9bYVZHTwj2xZKVe++BDU8jFobawx6eGt8ANIO13mrfsPnnGlJM8t+MHr9LGUS/eBveeV2WkCtys9d+M5sPS6KR66lv8H7Z5AXU1LjAsLQc6fjB6hhkjSibAmWgRZNRerm7cxpxUaqRzvlDT7rt4zpzQNzwoUUrbwhnTpzjcRN6vOfefVcb2751QkRk3spzjwnyHjKg+O+XBar2vyZzxUGMk3/vOvQkdNrYO+NxCtCsnptvfbvlIXW7v8Zo/pCV4/TCNyMVqhv4NpjJAdjKMabVXFhKqaMrGRLZs+2aQForL3A7OOHFpeCfTdAqd7zVZtisZDxjEt7Y2yADeSBqrU7ZaAEfn5wMdisaNznFoTv8AbHTe03++D8uX6r28YpkFjXEivnDG9yVYxd8h98YiMl6izxg+zUmiPGz/AFjQ/UeTBJZGzWJCSu+2FURl+oMFEtt+e2Dqj0m++ElZsXlEuqJyDGhtax4NvNZMCbd7GU6UvcDMjUYKdt8ErQsNsPSsgv8AbChEqv5wTs1QnUb0P8Y5xxiwDendeMfx3vDDMWq+7hWjcyvRQbl98nKPnD9EmyfTLcrbthNjYrNE91H+cXV2e9vbDEkMqyEoOpPfKJIXbbDpxqG8mWJOYO9b+HEKUSUFqsYj0y5xev3VHFjCciTOQePnGqQsYJy0+q5T55yR6nqfabDy9zK/l+2k3cV0BjWx9jnBy+gQTTZopPpx+mMo9NuPp6JF34+THNHaUufjF+yikJR0ZH+ocuXErmsp4SNV84tU74vFvsHKGidXbNKG/b9sYlKP6VxZS9r5zPMCtUEqo74S6tDbBpwGpSbPGGfOxxivIecIz0VGUYgHOGEQDbjO3SiHO2VlpGoLw+cVJoPKnGJvu05zzOmTZt4zslCkE3/rIax1X1O/bHy0LrsEUJUJ5xpnuB423zkhqdCko05aMxi3y5XimiSqZtT3SqAnn5w9CnDWMRDeKr4x4RW7EO2+Q3mdnTh3onp6Jreo09Ma65EXP0aFQQie2O39Z4X6VoR1vqXpob/qu/sLnuz3b05yfJq+DtDWdv5xGLIOqsztXjNFVoOMiJR1Q2b++b/TthGJs4FTaIVmNQRZG+z8ZnjczV85jpTfthCGLtUd8Ui939sY22KcYuzisHgtFCra3xoCrfj9sVVKrDux32zemTHC47F1kmpTNvjG6Ytm+Knu4u8ZIIYrFbo+2ZuS3wYIwIsdw+2+aUU4f4zdGVDJH9K0+c0Z+9i8VvmpqqN8m2/f75oMhyjg53zA3xdZlsWIX2XfCqpba4EGGsuiR/OLI2GThZH6U4L5xjUqz9t83foUzxqsa25xZfuPkcawdt98EndS2+zlESaZ5z8Y6bH6cT6ZT94v2zyOjEh7oxIvHN/5z2n4vD/9PGakOoE/f/4zxqxkJpou22dPxIVvqHTo0ibX/nK/lyjKjY2yATiAdCeXbLUxj01v3ztz6S7Xo8gQppvtl9KquRfbIbRjxWPGRZzjyk22X64hdb7XlvT1VyK3yWnDq4APvlYlbbEfOMukOn0dcUj2vBYbkq7ViQagW29stQx5oxWgpjQ6h3qsrGt1Tx9sjVRq3jG016BOO2TaHQ6Bvd3zW2EjFf8AbElfbfHJ1sGaUKZSg6eN8IHANd8WPUNhT98qu/lxGMLlNP8AR7sVL+cpGNdrfjti9G7MwGqMMvc0h/GPWK+aMyVFbJz063BkeDIxh/3H57Z1t12ftkaKQAe2NAchWFcuCJvtxjBKZWboYnDWUXaJjFDuc40Ym6gHYzRg87bdsoW7gKfGCA5A6b2xXaVLxjPO+JOVtrhSgUxtoysN8F926xaeXAocmFKgb+is8xEW39slBD4x5TAa5rbFYIabQ7ZDV1a7G3Ji6mvNKi5TS0rCWo2+MR7hXGSR16hcrh4rNGIIyWUq3uqzq6WU7eMP5Ae4rfFTvo8hHTL2r+soR+Bw9HSryec1W7rWNKKxJQtut/GSRWouW6V77Zogb98MEovSEojv98v0RYsQ57ZMqW/Pzm43jzj8OqgcjAdijNIWPHOHrZS6ekNscj2S/tgZiMYbeXJsVld7G2XmdcrVo2cnKJGPsiRVtyUrGTAvto2ctCBHfqF7ObR0lOLljyikqllUkxH0wXy45Oo9Nl9gyfHDm+c3FGTZ0CIP+2Q9VoqEobP+c0Jh3rHlqmwLWS+TE8LYf6fC9b7ZW1FOS8TS9VxUF+2fY9Z6OHqdGcZSbTbtX955XU09b0OuaaSL4Th2yeNtOMt/XyVR6LSl1IhRWWi2Wfq+M+d6LWZQIyKrjzn0PTgK7p2+MtrNXRLL4s+n+GtJl9WFP0QZX99s9eXVXz4zzf4YYvq/URpJygMV8DnpUSN55nydOFW6KIgN5R2ONvFYkq2vDylu2TSFbMpzxhaWot5hb2CvvhjLd8YIwGTav7wDEmjt8phi9k2xZbFXjJBoTuwRPvhY3VnHzi37MI4ZQDSklVsd8NEi3jzm/wD7G/jFbBS98WQZD6izjZz9sjay8ZVn5KO7gUd7K7YyF8AHZLP8YV7VglXTfNdsPVsUZmMhJkpPO3yZrRTj4+MeWwK5PU9RDR05amvKOnpxP1S2zBH6gkGJrSjp6fVqyjpxP9UmjPL/AFT8V6cTp+nRi1zrSvb9nPM+s9f6j1curX1p6nfdxSuMNnt/WfiD6f6W4k560g26DZ/fPj6n4s1tSJ+R6eMY72z3f6zy8KQTZcOnqA+5kb07d8LdLr4V9np4QrZ2ML1DsFvjDJaSPc/jEn09rGvOVShwnw/xZFl9Oes9vUI38988hFjOQ9VD4M9l+LNNl9MuAyR4/wDfxnj9MlDeQR+HfOr4SenC2m9TUnqk22nBlFZbh1d8lDm39vnHhqKxjRbsJ/4ztyr4c7Y8UY3ZWV0anMSNvnFNOMo7t128ZaNNe5r5OHHaBStF0bXltPTpv+c5hesRPbY5eCUShvffMFHSe1PbR/OHkOk3OTJEqidWWOp3OUza8GyxorJ2x9M6aK2MUG/nNGXTqdL/ADk0h6Vrbq3rtTgH3FlGGyZ7pUeDBFbqN74unB89lguN7HYcZt5C8kMo8C1zlo74sqMwRKVa+2UJLXtaO+LI+b+KzRa7uLx+2B6ZXnAlDWBp2XjCG2zZhA2IsojTz4P+cH6vvjU3diVxhJXXbGYEJGQSI/v9sqp3tyOpK+zY48GTHdT48YUhHSmnUoptZ85l3ydeDf5yvVMj2x7V0K1+iqsdzEdMpYDGPf8A9uUBvnBOCyK/fEVGTJRIxKtfu45plLE5w7G2MnSc2Y5myMgDjfI6qiV35yuo9e0XfGhCKdMue/xiMfK+2JpaZsN39s6Eod8JpGnErfJ6k+naVA93JcCj1RoDV/1hGu2MVVYqNmHigB6lGjms0lNqv4wS23Gn7YGTQ3d9+MaCNglsq2f7ZMlcXq3KxtSTVW75ox2ppHzlc4pNhEPbsGGVHLvggKlip/WYiju/1WZZgtNAS1L+cb86DRfPjGY9Md285tY69QjphZ2jk9KD57LTnIiEYqvjDDT6ZXM6tu+JpQ1NL9Rt9/8AjLLZvkxjdO18D4wcO91j29FDtiSG75ymWCC7Wbc4UjX6t+2N1WFhtixiTl3xnoZZokhqrzWFHONKEYyQTE6GRaBWI9FOH4N1nAXkfXeih6rRjGRTe0vGNXTKSDs8uV09Xb3OS3laHy3k8t6aet6PWlo6wk77vOfa9NO40pv85f6n6GHrtI7akP0vnPl+ilGvy2ycdm+2DG3npjvK12j1f4b1JH1OJJaYSLTPW31HxnjPw/qX9X9MrRba+Kz2cbuhzk+ZIXwO0rCqO+B6Rp3++Ei9W+14qN08ZBAaNd87GEjE3N8FbnGM/s/bMweGk7XETBBbtMctLrAbNVR84yZgF1YbPzhJG11WAVGueec0HfftmN/0ZVk7bOEAjvyYru3eY6b90un+cDD9dBmWd8wFFc4vUX2ry5iXt3KzI3oWL2LTMxk1wj85m1A483nlPxL+JPyF9L9Ones7S1K2jmoVlt9H0/rf1zQ+liKamvyaY/5c8J9R+qer+q6kpep1EO0I8H7O2cE/zJTWcmUpbsnlx9HelVMB1YxO2N0zqJQhtxzmIxWQEvulcZQq7xwGlEvCsnR1CemS/LZSGJe25gNORyNZWXUNR6U5q8qQKaWvthSgUeij03MgolXeJHdk7K8dsPUsgjGx3+cy1IOmv3vHR5Z8X8VRH6VrS2uPTtzvZnjI9UhGSV2rPb/iRX6Vq0gbDfcvjPC6dxkB1TFbt/53zs+Aj8nSOgi9O29Y1e06LjLZN2sEdRSVRpPBtlfy6Is1urv/AG3z0MnH4VhpyKJVxbTznTA2KRrtk4URpjTsmUiCbm901jehUSo8Yq3sPPHOUCv1G3yYIxP9W/i8pUpW9A7bb5uIM6HhG6qsqAnPPcyYJVG72O2P0/G/fM0On2NqWUF287ZiK8HUnO2C59/cHjLwgpu0eMk1CydEOOK3x4+3vhYpdcYslC3eu+JpUpktBvi6x6C+cTSWLUtnGksiw2++CGaHQFSQmGMR/fFikdkxoSVsWu22Bgg1U7mYkpw1xmpTeWGNi07eMBoGJ/8AGFpbqs22+1ed8IRSqVw9CPolMq9tvjBEqXT3fnK9Nm7W2AC7Ace/giCQObb+M0l8Vm/zjHJ1ZkoZsEI2/OHUErGEitGLOcoxUf2xklAUSR8cc5LVnJikbvBPV1JSpkt/1l9CI1ewGK39IplRVktPRlEP/Uds6B6RCRQfzjBRtixi9Q4Ev0z1QWbIc4kxlIHKTsbd9sjF97bXzmaRk2NGFsd7fjBqEobxU+2MTYmx+5gisubaxYPyGor4wSOqPSbHGK22HHnGArdzQWiakOmIGBgDZs4+oohIo7Y0xlEox8t2CtEifT3xuoQ84sdLvz5w3GNnfxlP9JN9mnqVFqr7ZtGAS6pc5KH/AHJrVRM6YxIgPJkGuTKrXEaLcm+2JOLGfUNffKx23qnBJuZ3M3GGWqaL7ql/GDUKbKrNJ6nlzfIbffjMFMSi8FLsY9kpBHfzjxIxdtsDLJdCEIxRef6ycnZDdys+oLuzviNXGti7cUdIxp1Ea5B3wRiC8VjyLi9KHxi100Lbi9Bj+yhG3Yz5P1P0wa0deI9Ve4OGs+rKSRPkyU5E4pKN2eMnpfY+OmL9Alf1L0ySOllTnvFFbRz8++kdXpPqkJyQ0YvUMkM9joet0tX/AO3qaau4dWcfyOh+RRn0o2nPGLbHZd/NZzmvA6v+5C+51H++HQ1nUDqjt2+ckiZ1CVb/AHg336c0v0iJi9WxVYRRrek7Y21bf24rY1I5Ns1nT98wYGUAbv8AjFVLrzjcxpwRV/UqcbuFAg13uVb2zbolbYlhW+2GxPbtthSD4Mkf9QJiQiFBx/jCHlbzyf4s+uR0Iz9B6OT+dIDUnH/SeMz6GSenBPxV+ICPX6P6fK5BU9Q4/vPHwZzbnvf+qgykY/HUGWI3E9wHcxFTrxniiMYqdUrXy5WOiVxTlOmR+k24x4Ru1dg2MokUfnRz9EhQr74rcS/dXGzzl5Eul3p46q7YkOpEF2/ar2yiU8Nn/SmmLCPSbjvjkpSkSjX8c4m8Q7H7XjEl2DnNKNyjPvpXElwrt2vM3BYuzh6YJ7rr74sh5p8v8QBP6XrERVP0n+c8KVHUkb28Wc/Ge++sSr6d6npj/wDxrn5/pg3HlPnnOv8Ajqsh8jiLwXoAg/KZ01dMnOfRGEZE0IrtTvvloQShmy35856iSOCs7tKJIeqmgrftlBvpEKOH5zkiA9Uf4rOvSBCV/wA4ZOzWlNCTqwtAvfd75eWkUEVDIxjW8Q+MqTenbnClewdG0CRvN2y+mstjjvkYyUOoxzUjxv8Atg0UX+FQY10yqsqstl/oyMZVGRVDW5jE7Ci/35xHmlcP9HJslUcJH2tO7i9SfHxzijOzpoPkxIVTpUA3XfGEOR38YsKOS1xiyQ8HjElfYyGCKb3WWhXSJtiRq8olmzg4gemFQjtzk1V5l+zhS/AYaeLwNQZGgJE9rdb/AC4Y2nz8YYHt2tl4cbc5rMvBNCSPLt4xTZbX7ZWS9tn/ABk33VGV+aMKYrox8OEJS4aecSLUf0onbCyThx2xAyvq9rd5z6nUSOV8ZWWoRPbWPoxJRbKTJ8r0h85+xdKEr2y4JtW/+c0YpfYca3p8vzj5zA6YuDs1suaWpRVGaMlSizG4iUWV1zk+nb5crP718Yo7c8ZJpopli9FFvGLfVZEfnbHk9ZRdfGAWL0m2a9DQAVGrPtgjLs8fGMgx3N8wb7W/fGWRNVCTl1TPOWicV/nFYlxTkx9w4Axs5J6fRPUoiq5z9Ueqg5xtbW6Gku+xviaBF/VfVi6tiNnpVnToaZEOncysnaqwQg9BwPcwKnO/jHWUiT1yY1Nl7AYunvNZeKwl9K7V4wXEh1T2DjGcY2ahpR9yRsHfJzJO0S1wyiSaJLKu2wY0IGnDdGXfFfErl9ix0yG5yYeve3KDsLFPvhZR8WeaychXkTkxQK3/AMYY9EmjkxJS65rFA4rCMQZfttk9ZbLY0OqnGxxiTJnjf5xVQOm6wXJLc530WXZHU1GMq5yOpr2hAvzlZ6UpSI7t/HGN/wBFGilJHxkNPTLZykfO+paet630mrout0dcOkaNv4z8o9f636j9M9VP0hJ9PrafeK7/AMOftL6DV6ZMElteeY/Gn4b1Pq30/wDNhHp9doRWKb9R4yDcNvHJdH5/9P8AxR9a9HMdH1+oXuj7j+xz3P4c/wDqV6zQ1DR+q6Z6nRedWFdRn5RraWt6Sco+ohOGot1KLHL+n9YRj06mmRbu4yzVNHI00z+nPov1v0n1TRj6n6fqx1YcSj3PuZ9uO9K1n8vfQPrMvQ+vjq+n15aU7AQab8mfuX4L/Eml9SgafqJmnqyKlBk7S8l4WoL6e0KE6bTvhlI7X/tisCPffDEFb5+TB0H6NGlb5cMtjvm6dl79sxvzvmpkCzbqPtmf1VEwNVUd+2eV/EX1yST9J6FlE/TPUDn7YwyTZX8SfX/yiXpvQTJ6u5LU7R+DPG6ekSmqrLl+7nXoen4VNtq750x0oA7XeDKb9OrGeKOTR0q2dNHz5ysyv9JXnLxjwRwTg2DxleKN9nO6ew3t9sBEtEbP7y+rG+MjJbWRv5xllfZROi/pEkXeHp3lXHxmlRCSGKDGVXsfv/jCswDdMwapRH4M0YdMrzq3Ix2od9znJShYkeeTHSFsPttPEuqud7rMSprnDEArYXmvOBixL2575zJw5Wkcv1AX0+pGJuwf5rPz/S071I7Iu3nP0P1kSWlK9ri/4z84hp0Ujz5+c6/47rOT5kdZEZMol0cecco6SyLzV3/jJR1lkpEjE784/p5XsRuuaz1cLrs4daa8LnT1HvEP2zq047lSUXvnNCCvvQTsZ0Q2CtvhxlTeovpg30u33xonTv3lxk4Wm4HiseIrvzvjRoVFOpQOmr2848dPpmAfdwQjXA2d8eUJMeL/AHxoOtDi/mdIXX7GPQA7HjE0xFXnHhz7uPOK8QZaJyWHv5HbKwesG2u2YQKjdY8aJCP7ZJ5K512YZVuJlIwkgu33cxCVRvdWtsqwYw3ycLcgxqMZW79isJKI8K5O7GmnzXGbpXeU7r+8V5Mv0r1UbBgd3dzHbq3zVfAU4nFjL0WW/tf3MpCO2wZhSTwPxzlIbxWn5zeA1/gA2b3xZxd0a/3ysnu7b8XiSj/HzmXpvoinSWt3iSlFGl2MeXCDWSgTlL3BXnG1qC5zyG0IrKNFvxxndpwer474mlAj+nc+MtEpU4+MGEbTgzDc2xU4vKkumAC3kpb/AKo0uUXRNtsiwuxBOzh6aODHmdK73it046/0Ak4WkXjziyhvfbKR5t/xgeHEaHTgAQrhxOlsvKdSwrsYqMu3GLB0wTibBQ98SunZcpQc4K38mBL8FbM7Ixdntm1pkDqS8Jantazn9VJV0473tzjJwSUlpVq6jLp/8Z2QCgszaR0xDgypTHY/fDlMXek+h+k3dr8YuoHTQYFYxXd+xg06lG+u/wDbHYiUJah0R/7dq1y8Y0a6Kee5zhn1XGJD2/cykNON73ilaDSjEF5cWI9SdvnHSNvSMd+cB1MtrXzgcMqGW5zkpSbqtsec1l7oh9sAl96+c3TXQ+V+kZWnGaUU0ymrympFlRsHN4TTZAdhvE0mzoURKIsLcVW+kltlNRpehTb9sGnGMi3muMlr4ymdh0gHl6qzp0wEsd+52yWjBLU5wx6iljX74iwF7OlnHp5GXmshOufntiyk7ilbOClKpO9c5PfxJjY2zl+oei9L6/Qlpeq0NPV05ckjPLeu/AH0P1N/l6Op6aXPVp6j/hz18mpOJOY1exkH8C+ij0n6fmP1H/6aeohLr+n+vhqHaGrHpf5xPRfRvxJ9C9XDVn6VnpxR6oT6zzn6jHUNxOM6YsJR2/X3cP8AU72T1lHd+G/r0fWel0jW03S1ZG8W9lz0cJRYWSNjPJaUY3dHUcN51w9braSdOpfiMtxye/h0n0SPRRHu7PjIeo9VoaEF1NaMK7PP8Z8Kfr/Va7U9VA4Itf4yUYQr3G555xc4b+jLot9S+p6nqdJ0PSRlDTlszeZH/GfKj6eOm7R44c7vYz52O/8A8ZLWpWuDL5+G+j53PDm1YdKXFPnIumI/z9s6ZPtqRZ84NXonE6SpeRcZYWSvNs52LEGqHNKuhuCPxK8GpGNnP2wROg6Q25wBQvTI/Ubpea+sLdjjKjtZZ4wOmdu7gg6aRDp2aP3x+hiecp0yG2ttsYiPPWt71WMgPaRKGlUYsarxWCcGmuby1VGg2u/tioA1smMs/ZJ77PoIElDfA7c3f3zd6jt5zdLbY15zkRJoTVp0n3b0h8Xn51fTqRWSy3ee+fo04D0jvuZ4HXkPqtWNEQmxoM6P47aZH5Up2TYVI6rp8Y+nIi0JSbifOI7C9zgymlFJHs6g8uez8ePs87T+kV0j/uPLfeuM6Bl1AEX5cgyYIRiU73fP3yuiuzNS9sq02TzF2dRFu/HbKReK6g7jziQtlzs9sdhfMlKwrLNVrwpKS1xlIcBSL9s5ZHTuTerj4zr0pMll+kP3ynHoyfY1e3f9qzb8SMJFvztd5SJaXiyDp03TsUbpixGgec6ZVA739smwZA71d1k9FMuDwNiLY8ZWgRlJk/OT02cZL1F3vtlBJG7k2iy7BDqpuJXasJBtas+MZbKKvzlIWFXk4OuiaXEoox4jw7Y9SjwAf5w1sO3zi6QUxIgSsusoPSIP74C0Ymy98pCJA7793JwLoK7SLPnEkhlGCl1nNqyAa5zNfYFWR1VkhGO+UjFiYY0DQq5owlfusvESrrH86KwUidJv/nLQ6mPbvtiafTHiNyvLxe+XXaI66YhHZsr98Yi8v7XlIRstL/fAFd1PnNBaiOsJW3PfEZdIEdu2dEvdQg1kNZqVHGGj5gl9MeH+MxFmXHG/XGhCsaL0najvh6gGmIwQK/jFpjQ5aW5Zk+hux3xY2FMSdWdzBxQJvhmP+rgxWJ+WPTaP8Yyz0T06S9Rq9Mwi7Bzi6FTl1yMnMlqanTE2e+denp9BGo12yWc3QW2slIQ2uJthWRE9tuViV3r9rzSlFPcFec6EoQf6LHqGt7xdT27o/wAY0Gj2tYNT3IXzg0oWz4SivUSq/DePKd17ac2pXVfSgecQncnv8YoxT8wI72OCMxbusQCUyzKdETYxWh1ELDTkqiOUIjxu4hAFa2cMCKXx3d8C6DfwWe06vBFqd9q3vAUtnOLrRX9MrvnNpjZAJOS37cYmR2I383xk4xQIF7bWuViUU0hm+uxmUpUR2dqzSJG1FZo6Zv7t/jM9UQFu3xxiRfRk39gIyreL8YUkff5wvUNdP73mWhO7k2uyuWTlHq3rfOTXi9UQ2rOtW+2Q9RFelk7mR16WyYlcSJh09WcfaS6fLV4dOMSO57sHCtU/bDnSNrLK9VIlr2rI/wDV01Lh7vbHkO1bPbIkQ1LPa32xlpUTiWdViKX9zKfnOoAgORlIo5u8Cm29Pgw9CcSx1Mm/6cMrtuSxa5yZqpffENS9T3L0vBgfyLxDZwbW/Mk3pp9k5walxnUWPi//AIx+oC3e8jVIi8+Mi91wqsjEa8v3zcrZT84+nc2krKflG47XizsYlQ8UmHTiuwlfOPEoqtu75xa6Shu3HJvoQhKMglT9nGmdAsX7jjT0x03bfnnF0yLABbP4cdJPoTTFR26faPzglGogd/N74slFa3++K6nSAdUpdgyyyvCb00fS6heoq/tm5O6YoU1XG/OEBjtJ27ec8uQo6Kws2kSTwZ4T6lAj9U9UvURJUGe6YhH2XdZ4z67CJ9V15yXpYj0/LnV8DS0Q+RddnLUWPVNYnfGTTP0Mro785OFGwc9svpaRY9W1bUZ6/wAb+jzdS9FtHqYhMpTudsvpy6dppE7bZzxr8z2yUrfKqsiizivOXT+iPHs6Iz/MlqcSkuzE7Y+kiotuRBIx2lloajOakuqj+HGGkYxHcE2vL6Maaq/nE05D3F7hloSsWL+1Y/gGvwcilo3lIlm7gZRjEjsy85okpVRxgSbNeI+nAiS6f77ZWvYXkyXTY848a223/wAYusNlU/tgkg0cuMG11t5wUgb25ox8bdjJtfRTOoEj+xlbbHnE04cqXL5ykSqvviPMQ6+SuAW+WsbT3BEusV/V36b2MaTfteTmjJvwomMbSHdRy3XZxvkYobEbeCsLGSe4/Z2yL7KfRp6p00KvfIQ05T1BlMInGMnvibbvnOk0ynp3DF++wqZQppgbceawu1c44tbAYsZS69yqwSA5UWNKovF8ZWLexbXbEI3O+P8AfGWpWdzKZ9F0iwsShwMW/l3cTT4vzjy53rK9EYxKTfbIyLn5vnK6z0Qs4cjpne+cR1lMpFoRigoW4oA1F+caJEqq+azXG6OcxqJPeO/7Yt2WZemuDIacSgVawpUDFnuZOcpQ01Ij93LNAb1fbOf1BSG/T3xduBxmk9DTWRKTvnZE43pxNMrYHbOgrp2Tq7bYPjX2bc8FpJXY+Kwaixod/wDbHdt/jJTmc3J+L/5y/RGAqVXWTAUEp8+MtKw34MWMuqNLtivQcohJeuUUut7e+VhBl98MdO1St9jKkOmVVZ98XooJPbb/ABghK5BYZWgXZTt3xSUeaftgDRpRUadzIziyvjCHuukwSs4LxaMkLp6cvy5S6ivA8YdOCjubYVpoPBt4ysUfaGDX+D56Imm71K/jDGj9QmFGMnY+N8MpKcZk6Fo1b3sGPGCpUkMWPy/tjgFbn843FLsTk/DTj7t3cR2walIA75mcd67JktSPVOUh5xGiuRpVGt/nOXW6l6mJV8XnRRE5JPnJTkWhnPvP4WywxppD9PH74ZD1bf4zaZ/266lrN1nkDJxFeVF6t+HbJ6hfG2X6iqvbJS52MTTng+e/SMnqOzX9YsZUe093z3MpsySSF/GZ9vOTW4HgmTXz1XjCPDZ9qrMnupEXjGjp9Ufkyi7BIEOmr4xrixElb/jBLqC3jNTF2D7Y3ERseE4+G8p1FjaS+Mmw9rKPOU02Miw3xspfYjdJ72bL3xqh1LKKr88YsiQyri8PfbbHSFboY2cKvnjJampInGcnp3rbe80p9Ig3ktSfVDeL+2Ol9k2DW1Xo5ofGc/5tdR1oeBpxdTWiwXqCq7mdf0r6T6n6mfmHVo+lv9bVv2vDygrOtVbjKqa2x+sLUU8YA9zTvhZUmweUOc8+VFkzNgt09hzyH4i04Hrpe6zoNj/xnr+sYvkzzH4miT9ZoSUidG/zu5b4VGifyeHxjq6lHerus6dIEDcorfJOm6UvcJ8ZTTle9N9u5WexlJro8vfTOrSiEbICB5LzEi3Z6r74uksr6fc/Aln2wtWUyifN8/vlMonSmmzns9ScUP8AxlC4hEiB4MSGkMN5L1b8Y5pEpCyi1ttlsoXThfTgj4l89stDaRHfEjGbLj5u8eMZIM1+3zj39BaXkXUp2HFOUOk70ZPSgBXe8L7bvn4zVAWRmogm4+e2Hr7x+2CSMQSxPObTjbVe074GyiRWFMrbynTViC+cXTIgeTKWMupr7ZN9hrRoyp2d8ZmVv2xZF8GaUd93fF1nobHTNIJaaK14wxCt5dswPa8PSJtkmjpTFjs7NGOvTF5b8Yt0b8Y+n+r9Knlzn0i6G0dOl63e9rywVIFA81grau3YwRslbwYEhdMeSWnOAHkKPGBkcX9nxm7XF5zQVdIYDnFl7a8Zg4H77OaRdDir0YN9PtOceKN7185NRKbvBqJEdnKrsWCzl1tdvOPGMYlvOS0jZV5ylg0VmQGoNV2m+KCIrb84fb0+1cIRTNQQMmTEIU/v/wA4kDkec0u9HP8AWbSqnb98BoJrqcO52yHQ9bKRj+ol1SqJjRjsFLk9VsrlcUPpPtK75bpkftiaMrgAbY67o7mPhwnvsg1e7XxgaF2MvqAnGS6d8dOiwmSuXSvbGoDYd8ciO/OZpOkd3zgbMkCH6A6ee+UEGnnDGCR2w9FMV73g6GSYrKPIgeH/AMYtxnT00eTNKAOwUYzKo0GBjQzw2uc025hvnX/pXjOfr5Tt4P8AnAFdiIupZGUR85WO25fhycFlF2sO64xFmVSnLWK3SiUNUZAs/wCO+AiSkBcvGPHpKK7ZTTlXjECIaZ3iL89sBHq1N+mO1If+cpftKwQVnYb5gKCSjU4xI3bu41e42rHmLSgY0o9MI3E37XeCjE2I3tWQnH3V050PO5kdbUqbUaDJ7K5FhZKiwe2LqQuqykii7v7YI8NWj8YjQyZKP6a22xZC1UctP3NBRkpfpOoSvnnJtX0daIz4a2TxgjFkVIfvl6u/bHf+8lQKdcRybx2Wyx+mUZJOKFbW3t+2PAfdd5GD7qZHNZXTl+XJEZDXHbK5QjfZWlgPD4yXUbmy/fLWMZJxfOJJaI2+duMqsk9M1dMdyvjIsvy9eMo7RT3XjS6rpae2+Q1K6EtJPk4xpSXJF2duzfz5xGT25c5YakpNIH2zo1OiKdDz3vH4pIWvwlKbvF4M5dbWl1RI9TJ/SR3vLasln0wGU3aMTlz1H0H6I+jr1Hqwl6lKjE//AIzf+8TXyrJmqfP+h/hnePqfqUaklw0Wn93/AIz1sY9MCESgNgKKwbEbd8PbaQFZyb+VsZZR5CRJNjMlAxbfCYTrYnXsn/vtjacJStoO+S5MMJlJsGed/FCac9DUoGSx47Z6KZetK7+DtnwPxTCz086stKL3uv8AjK/Hq67E14fEiyZylOQ3xZX+MroOpIeoK7bf1kIWy3KrjL6Uun9JQc23bnt/AlIeX8tXZ0dVSIy57Ib5kj+Y3+pPGOHC7jtfjOmNe2NPTnTEjl5NnPoxN2CWdubzsBIR9rfGA0z2kH2+MrwgyrfvxlMxjcouwaUJT2bOMqy7Jb9swSu7/wCMM7abrC8gWvsSL1yYnbKQJQ53++aCSj4MdNqBoPOaQdOjRRoo6q5rGjF6visGmbdX2rMr1Ve5g9HReGxv+rvjhG/ab5DTWy6t7uV21H2l184njA0NGVyv+sM9/wBRFMEQiF1xizeTtg02bJq22X9nDG+F+2JbGqzRVkdW5fGR0joy/wALwIz5dsp0Wbrh0iUYJ07cjRvjMpRKZuRaLLYYdSU7Zpx284bot7dsXqpbHNBW76LGB5L8Y8f0mIzR2OfOLJ1HwYrQV2UsA5t5w1fDxkoCSrxjMbdwV74kHgz+nJ/qlQ4+tLoib74sAq3GTCP0xNlLySe647/tjr5AwdVRpKXyYV0K0PDc5/rNJaKDMSIBbeZ3LrM/RPAJHjdvnIr0jXBlZUR3HIS/U9TRm04PlUnpEpTtXfOwAirV5LSi0Vu/OXie3hWuNi8T0dsOnZG/beZFNsMK6NzfxeamhwoRpEmRYSlvgu473WF6hoKvB0RlSi/F46Js0nYDGkHT1I845ACuHsZOUknstLsc4NaHSG6myhr5wyOhGTRhn1UGwnnJzGXMr874rYYGWrHqYlSrxgethsVgj7dxKcrYQqX85JlIiOtFEVXDCgbDftg1NRi+2PVXJeMSssFxl2gLoSPSWUF9s0bjwje1jmh0xntHdyp+WL7Op+GqwrMGejn1WUf01xteU0oyZbo404xlFsLzaV/6SvvhnZvouxl0jJL7VmpH3Jgi9SHUVeHUKupDh40kmwsWUXcTxh2lpjNCsSenCMI2yv5kfxWLBJLFFf8AbE0oy2e0HU6N6eM55nUN2mdLE6yLtextkqTqNunJ8R1qEdKW1MbfvmlLoLIjfO3GC4w1Aep6vGNqCCm5kyvosxjub5GMuqXTVP35x4TXkfhzA9Q1tmeAJpdAB6XnJzgxbE3zpGHT0i3/AFkdbcCjbjFeUMtsjrkosWJd812+ctXSAbuJGTLTbChzK9ISiVzeNhpG1RwereVDzlCMUfdt8ZzRaQtPlx46nS0pWOhGwh0tX7jziyjexT342zPuuQOZZIoUBwu/9YUuhYcsUNZgV9zDqdRKqF8YJmn+bWmUx3dn/fPpfQ/Rvq/U/mSgy09PdKd3txi63DTs+n+HPpmpoRj6nXs1ZxGJXBn3uqSou32MHS7KVL57ZlIiy377Zxb1yY3g/aq2xaU2rFjK/d/p4xqqO13wnbJ/Y67PHz69qLPisWNI2LJ7VjRqK8SE3Ew3VrQHjCkhApFupN58T8TRZehijGPTMXf/AJz7NRkDvf3z5f14ifTdVq9xV7b5X4kk+xd+Hl4S64j375eCfpd99nOXQJTZKnT2K3zq0kjIjIqz+c9n4V0eV8jp1+mCpBVeby7qdCvV1HNVnPCEWESBX2y2nubpnWjnaOvqGXVDh85XRidXXP3BwfOQhsMQOecqXdRaeHH/AOCNFpSOlKq3Bqach6huvHfFNrJu7WXEID2x8qGSvRGKCRAKN9+ctpguxeCRA9yVjRKXmucNQ8eQwqEpQe+5WaTabrEwWktu+FjKi9z7YjhXPfo1HN3txh05EXaw+MW6tTN1dLVbYrQX30OXLawxuh6m+Du98MIy/wDTTmSTI5TEbMsibX/nKRN9jGlpA8qfbMNGzdeMlqF81FIntS/2wxisd98WmV3f3ykEiNcffJsddDQjLlu+Mym2z93D1LE5LPOAL547GZMDQJSGqTAr23O+Bha9sMhrd2P7wNBQu9VuYWTWwJ98FJwid8TUkmx4yb6KwTmYpT2zpva5btZOAdPdvCMloLMw3qE6kayiK7peT1C6Ry8Iy6B9tOGCsm7FUyx9Ndyo/vzmkMeOeNsVpPnChJRtVOlrZzjiXqbn85d3HqdvFZHSenhkkvnbJ6d6K5UL6MEuTKgMv00R35+bxNOZV7XlYSDiIW9jCkIxGibWN1nSifuYk6/MCjHYx4WnlxuhH2Je7e5mIo2dsW4/xidcmRTR9swqKS5pd8nKXQ2S++Om9zCWL7PzIsijezELJdDMmf2w6Eo9D1BfbE640FLgjMuj/wCcIqUKEoxoCjtjWO22znLKUremq7fGaOlOdW7c4BlSur/942N/nKEo2lm2QdFvrlUq4vKkiIbbc40QCeqDI5/cwwW6eMdmS2cWXSxCI/LijBa4C80ep7Vgj1of7YySJC2fdxe6GwaMeiopWZOd9sXUhva2S7YWEemzYOxhVFbGWKlbfOEobNh8Yh0gDLfbDqMYmyBjcTLQ8owkCK/fJ6jGIZXq6gqvvWJOPVGkPnJNDp049RG17cYdNlOB2rbLdHTEDlMmPRqsJC3w+cXiXQk+tdiSn9ZtSbKH/cnfcMbUjKr+cVqRKgGtrxpBLRSO1j+2FOql/wA5HqnBYu5lCUaC0l/WJoZEGJGSvffLS6vy7oT7mJrbx9sblyZXQHV0hdm6TFWEO9HNqoyrY/2yulHqjFU2+OawpYlDXfJkXT1RLYy5L4xpBbRx6rCzNdR5+MWE9wp3+MaQwQ6ROWszf4ZdEJxWcmPKV5z2P0b0f/R+ihDrtl7nbznm/pmieq9fCDGoRRa3z2UUbaC85fkf6H0LJ8XjRl3qk2xC7drEzRsrqE75z/4D0M2Uo7UPjNcu8QUuucUuU2xr4ykm32xqzm980KKI8ZBg9LGRUvHbMRa3rZzRqkAo4zSJrQhH7YqYrUZnqVOlHs3WcX1mEn6dqnVJ2tQ8b987pRaOppu9s5fqHu9Hrqp7E6rymH2Jt9HjGLGZLSjZ4vOnTlcPzGDE798hpzjcmUlE534y9R3IyenvWe58HaPK+SU6NM0vyuqEop/6bpvOnQ6WXVGFJ3HbOOCXErqU/wBJdZ3QJBUkXjO7Oejk24+i0B5vGjqXstP2xbQiyp7BWOA+5iLfOPjH6Z7TQ5bqRiPUVdVj9LKUd/aN1kyPU+0rery8ItdKquU1kXOikY3Kzth6ZG8pbfbFgkdniPOUhO5FlmI1B+VKFRjiNLv/AD2ykvcX0xK8ZOPuEkFHxitIpls36byulXTFWr+MSBZe98ZaKV+nfF0h+RpS2CEqX7ZvdLZspp2xwgNsf2zSaZeV2vJ8WMmTl3uzNAHa6PtlOnffjCES3j5MzymhuTRkN9vtgsS6+MaVIdO+JZ1vu4NyuMm8DrV9GiClcHGMSqXHPdwxjsUWuCcZXa9T8YnFjUdGrTbFm9UiqzDxGi+W8HTaXIe9mDj9hROQA3+2JEZbu/3xtWpSCDv5x+ljt1L+2I+yq6Grp0w2vjJX0SGLSPnHHqtTfE1LEpMHhiiW7u+NGPS7Viady/UtH948r7IYaKaW29/Y8ZMjaXYZnfe8pDc23wN9jrwjr9MdOa0Fd8joxVj01Rvjet1JAEUpd7x9CJGNVv3cm7RrEVjHiw6vIY0pMOL8Zq2NlvfBTuOPf0n6am7HD/p35xYx5t38YZbeXzg6ZmhWUd9sGnffnBELX574/QS8P2cDT+gRAknTXjJToSq/jLdB/wCcRhsnfEuiiSEJWJW/2xJnuju3e/xlSPSHzz8Yk4ojj5bNEGw3N8eEnoEL/rEdP2W7XxmRj01K8IEi8pyYU9uMnvGFshN+cEeq9msrCMSMV3km+CmkI6NS4txjqGuL7Y0PbOUQK7Y8xWjh73jJAeiU4S/1SvxW2LOkBVTtnVAFIq/euMToOnbbM/TUEGDBoft5wyI09PjZu8GmEiQb1zZhhphQDX+MZZA2GJFasvzWOwoQiPbfF6JWbnThn1BZM27Jzg0mHMYsJ/8AaAH27buKrdstsWMZT1Jlp3rtlZQ6orKl2rYyayUE2oqjI6txLBs73lmJvW2DUj1juVm1mDLRPUARa34xE781jxl+ZoXAfaVeKWBtvW9uZdgZCQLIiu3NdsWrlzRWV/NYzdhi8mc5C/u43CoVahST0jV4CfTLZ6SXziPUw3KTkycglp0lm2SWYyj10dEInUiuHmVLUR7d8Pp5TdNJFfczaso7dMaedjKvLlQmdqkdXTRuOo83scY5LmU12re8WUnvLnvWLpdcpw09OLOcmiJ3zm10i3JM9D+G9Hp0NbURrUltx2z7TUB6Nz5yehp/kem09OJ+kpPONLp7xvjOPT/TDdSnnN1bkZGxtmdq6Ykf3usMSW8ou/a8mYYlL/T24wWykBYUl1ml1UNfbMQa77/PGKmPDyERFA7d804pC3jMpUbcXTqRKmpGyGCXwCMSateqvGS9RHr9LqnmNcXloqS6Oqjtt/xi6sbJmz1DG/BxlcONE95cPEaOkgR6r6v9NfOdAkJdMmi9z5yBp7pT45qt8sHSfbi89z4X0eT8i7LaXV+YkAo4b52zr02q6msj0acaSRB+Iu+VhG4+2l853Z7Ry6ZfTl1STt8vOPEGMSVVHazJhsXG2vGW0oRT9DXa8rnr0T0qRNulQfh3x2PTab13xYsekqLtxWPdVF26vjxjmTdhXTJS06lExUCVRKXvjQaNnj54xiPU8tfDij+BIyivv/jF05Ez2j9+zl/aFMrcS/b0nHbFHWmEKiHGPpG7ct/tmhBTeNffNW91Zi+hrfQUpXqx7GhLrjJwN3/03teVaie6sDHyjP8ApXeN7/bMlARNnNFqJXGZk/Dk/sokESI8YUU74vT7ducppWP7YJBqLGNdU03e+Nb/AKf5w+4arfy4YRd6/nJaXdHTooRvfvzg1GMYreV6dnYvOTXuUyOxijJG0xu72conmW2KDEaMbfxieFF2J7V2ME4m8jvlYxuVy/8AjCxO3GBoZMXTutn9qzdN1d42m0B1H/ONVSSpD88YqQKI6ZK/BmQA5Bxqa3/jEnPpf0jteHTCjl1Knr9LLjvXxnTot7G+c2nC12TOvR0/O3j5yeUHbZWR0x3cl1UcZRFd+DF6SwI71lFklyFiNHSc4ydrxyAP6n/jEf1Vy4eH4K9GkJAJ0nazDEjRtz47Y8K3XnGkdZZLGeULndZG3rYjxzm3NTdN+MpGD3q3NKEuoo7cYnBspzgiH2chqnuDvnVdMbNzkxIm+++U/rF/snpEjd9SOEhpm1UvjKdCNqVjxgPJvg/qaMvlTJR6Tnv8Y0YweyHnHIi1ZhI9KPbN/XAv5L4TmEUT9Oa49mnzWU1UoPJtk4xsGqx+AvJBg9K3VOCUqtJHSb489Oo8ffJ/l2l0v3wL476HmNVS3SkwkV5Vw9MYzjcb+MMjfhx+KQG74DVBhKv3MlJ6dQtZR8mNOcem5bHfFkl+wNzau+ThXLEiwdU6G34yhIT3CZzzuNbIvbHZFi39nNwoXphsZSXgNsEtSYdI1fjFZ7yXY++IytG3M8IyY2nvFFRd8TX6oSO5iaso9MZJv88OLOdkZRq/CYmcweiOp0ypLvtiSo0ze/8AbNq2zFY+Cuzkp3v7hO+Mu2IxJ6/XHpFjI/8Ay5w+ni9NPJ3e2JITnjx5ymixpHbyPfEeVTcnDp0+pgXvt5w6jGv2d+5k4SIm19P/AL84ktQYsTa+yZSpIkryN08SZSkDRabfxn3Pwz6SXXP1colJUHvXfPkfTfTy9Xrx0IRemPunI5rPa6GjDQgQ04kSJQVnnfyPk+kdmOykXTY3KKlXRhiHRFDY/rFlVd7w6fWXXjdWs4W6VjNCuqv6w9RFDdvsGGjkT+MCtUl4r7NILF6m9heC8bTVWwA4pu8JEESQV8f84JRFCNEvPbBUUfSPIKMbQK71gjFZW31VttsGaNQJiSY+avNbJG1Nt83gqQZHi8WQLSUPbxjx5UWz52cWXTcooyDv5ymI3BdJnjvUC+t9RFo96f3ldHQ66ja0G14frMP+n+p6ldKSqVcU4PT6kZzZhQWGez/FcPK/k9+HUkjTCbaW1XGOhKEi29i3Jz/L/LoXbl3xvTsdSCSZBe0kz0ss4IdW894wJHElzp0d2JKVf1kfSaciNdcad675epRltuHJlekGFEXbq44cogkdnbbIwVfc7DxloVe295mHKDEE9u2NHpj2HxeGvb07RcZh7ezfg3xaYUgS/V/WGPSSCO/zi6lHtC8JtHx98xkVLjW78W5SQVdZLrugjsbY8JU29t8RjQFhAFbwxqYibd8AXd7+coN7NGZlctQSc745wxpum6xpW8bxMQSMu4hij0cUC6+2HT5vt4zRCrN3zWMD4xQ9DKoLHfxmsGo7uE4pecCf6YBZ2PnA1ejJxmlfSlNPjOeMLnurW95bUU2v+sU0yQ3JPjJPBdMQKWTcq4yhHu4YadFc424hVGLxNSZu1MT5ykgIu9n2zaY3vwcbY2pKSBAvyvbG/wAAR042shBONsoxdnfJQl0ycs+6JK+MSDViXbTkdYuMvJ3y1S3syGvfQ5PXY2PRfTxkR3T9s6Yc3sOT9NFjHpnvvy50FgC/tjZx0D5NxgRuivGOFFXjxiRBifqOcboHbHWSD+Qk6aSLCvGJGBGW93nSxRpl7ftiaiR+ax0iXOiEYkL6q34wKR3HGq7Yhb3MTUjtzjQCbBFulUDz2wuodUTtxguJH/NZFT8wBfJmWPwfk2U1Kk0vxiQjJiqonBWLKR1hLdc6NMIxujxjcYZ7+hGPUL1cdjbJ6enGL5+65fqdhDEjU5e8Y4UJzB03YWXjmnUecDsbNGaVsain3zNUH9gZR6ogalpyZHT1JwJRlIYnG2+MXdmBDrVLH4zcR06iiymATuu2KdVDFEvBVN8YsPdL2dVcvfNAplWXSlo/7ZNlJQ6tvFZpiS+HJzknEb37ZnmhTKRuLQ4jEnvJ9ve8aTR4yOm27v2+cXjBlspMgRjx5MTW6atKcTWtIe+qOxiaur1WEurfAh+wkr7bYBja11J84sX2DwvP3zW+6/G7ivNG5NAnBdLUSHtqjvlAj+RC0EiYupf5buVWS6xiK2Vi+MPIlqiVJaDFl7i7G/Bh1SUjdE7GAoiUn/GLpfaAvaS1FjIKGN73miEtSpVxtk506sZKyTZC3LRilKUYiyM3PRlIxencf6yej6b1PrvUR0dCKMjdH9J5vG0dLV9X6g0PTw6tV532DPZ/S/p2n9P9L0FOpKuuVcv/ABkPm+Xgh8Zvg3070MPp/pYaUB6uZSeV/bO1ZL0sN/HfEiG/+R/2w37WQi83Wedv5OTOnOQm26P2wSbQqu2MsZw4TbcxZISeksO15J/4VSDxQ88YOnZaSXgxn2y80Xziktu3VgbgYgzi/wCqW3xhr3xIt7b3WA3j7v7xIn/q3jub4qC4eTlC5/qsPP8A4zbg7FnYcWMhj1w3a7ZiV2SrqsOMKbBBzZVjb98CMy0KxelIK3XnGrpKcP8AwDVPN/XgPXRgFyYVZzznHAdMQiud/wBZ/wD9lGcRthafvnNXXC9vG2ev/F/+Ujzvnz2W0pqbhY7LnTDU46mIDyl5GEVjce2V0iRvODvva56eH+nDrP2jp09NYC6kUb/fLDIDYfOQ0okgsnF+9mVEJIWXXPxl0QZc9/SRsbO2DWiRnVD35xbZXwZSMbeCsdGVGhGUWkj42ynVFEtvNUWCEo9RtV4rUL6kcX03aKJKcqi8nbnFYU0wOo7uGEVqnoP/AMWsv1e2NHV93FbgScYsRq75xmEdSJ1b/GDqs3u/jGJPT03V/GDsoowI01zhjv2rGSTXRu+cZZEXql1b8GLRoJfUePtmGScb48odbuduMwMT2xPis1CGLICJ+5lI7H6kfFYkbkWwY1/eMRekA3xWZjbcecF9PYF/vF6q5M0pDH2iSwQKJalz1PbZXYysS6ivOY0yKSdk2awkjqs6imrTBClYYwAd3HY+aus0B6VxVVp5xYFaNTGXVdVglSMu/wBsbpX7uNKISCW+17OCBe/w52CSjKtr22xhYx7u++abx8ecfTSLva+KwSBWqiUuqX75z66sg5rjbPou9XTeceuJqAlhtxiazfB8aDAsO215aPUG2+DTL2qjjKxjs8X2yqSSJbfZm9lu8pEK9sumv3xA25v4rGXp24czI6Q/VZW7+2SlEXfjCzemxrFtuNne8yQqQsoxlsKYuoVs7uVLVoAwUXff7YaB6hJhUk4+2JLTGYc1zvnTdxfl5yLROlv9sZMC0CJ2QrttlIRibW33+Mzo8+6983RW1NHnA3QMMnpY1izQYu2+CQ/6uHthegD2leVzB5RCLTbsYKa/Ub+HNKRF2+22abFdoyK84wF2CBVm+aV9pJvw4NOVFN78XlNRCJYbcZvsbLZOm91yc43OPx3xifUO+AjIW62O/fGQ1hhH74L95G/5zMmhorEQ1H9A72mGBqKzltSWfGR1WI3H+MeUE3pPvtidIWr+2aI2dEtWdB2fOTTqer+8fV6CXu/V4zTgKt7c85PiX5ITeQGZWMUvZxoO7RxhnqEU6gvwG2Bsb0i6j+WidXxkwZPVICsMy9+k+3Zw6dEak1tuYONErQJXV0piyN1LMeEoVv38ecjqzWtqF75LSiHXZOEp/mTWb7tsbQ9PP1OqaOhbqSakvBlfRel1PVa5o6MeqS/sHznr/p3oI+h9N+XCibbOXKucvy/MsLofOOQv0v6Xo+h0emBeo/q1L5/vPoDVlbnGDT6onUgxTlzaiPFm3bPM+TfNnZjPFGZbrTthjS31bHasBBTZGXztg04+5ZJQcecm+kPB59Sm1HbEiajKrCPPzlakSLQA4cH62L1X2Kya0UgsmPeN1+2KkKB5djZxiDO3pdu1840ZPRQEXvvjwyQtdGy/bbEGN7P2X/zlGiVkav5v/OH86tmaIcBgDDx+lINMhspxWag+W7oxbjTVJfPZzRbTpawP0HpR9w9PHgcRTqOr3X42zEy7ii4JJqbtCf1hrM0fC+t9MvqGnFuCQbf8ZxwOkl/2rQqLf951/V2/W6Up8dD38OTC4jE3TjPV/ippKnn/AC9toaHVGmrK3zohzVNfOCMpgLW/JlA6pLxJr7Z6mUcT/wDL6H0z3nWu3BliI7x3O+2QkzWPSiJ4x4XH/Ut7d8pjoV5pbpYwiiX84YzkO29uLGfDVn3x4VvVVfFZdeE9KMYJjcoU/wA5XTjKWnGUo1fx/wA4pMkkN1XttluqjYeaBcVtgiRnUSKRiWbG+NE6kSis0mN2wYn/AKRvCQv9FV5xQxFYxk7VV4sjz27d8nqRYce5dsJF6d/bI8YsMuy2nGIySMtza5YxcvJWQj7YvKvjKh0mzX3xWgeDkemUiTv2rGSjcs8ZJujq2XjDGSUO++CDLQybJCND83jG4DsmMJIQd/tiRElvPqftWALcChMTz3MEoRlNSNPzjrtgWucBlr7Euu1Xzhf0u1FYt3LZ2dwx1lT2wjLdNGVx37Y0aTd/bE0zaTJL7YUq6v75g0IotF13xojbVcYI2x9k6O9BgLvkPmsAKLqhRRuc4dG+KbxqvnfAdNfqpcAyZZuN2H3zm6FmyFfjKmo7n94ISUsO9YIFbg8KPONKXGx98FUXi9DV7/bMDW6BQHdfjD+YSoftmjD2yfGCt93D0TbhpfqNtsJV1/tgq9ot5jlJWPkzC8h5BdXVYpf+l38YJUF31PzjRksOGgzfRLmAjKMdzpe175GEPcK7nHbKz8gyfC4rIEboTCgrVLdEol9QeaxCW73O/wA43W6cGPVz8XkmRElJbY78Yq7BzDNGIsWvnEWM1sP3wRkzhSB9jFjGtT3Sen7Y6UDyTHSI2RByGotjY9s6WYRqKU/vkJPUSWreDDkFS8N1FXHjjBNsoC8B/wCm2uNsAJFE/fGg2f0WEVi7p5DBFQ6eK+bvD1dK2hHyYJO5TZzZjDtiqbtb/GDqj2u+1ZlHwPcxIFTlTR4caCUe53IGt9++Ksu4V5wjW5zeDTnGTWpJHtmKYJtMrk74507Xv4xdYjHWOncO+Dd6iEpJzWLKVbg+rGP5bJkxHkHfObVekZCvi86JSOg6WnuZz6nTMkSh7qq/GS1lIZaYkZdRQ0vfAzKuW2DTikYx6eodsecQ0wRPBmTiAxep/LZ7bNV3wel9NrfUPUunpn3kf6TE9PpS9X6j8rTCPfqWs9r9P9Ho+m0I6egAH6mt5OcP8j51no6Pjw9IT6P6OPoIMRNReZGy52pcza/9sBRxsnH2wq3dXtnk/JqunbjMUGQBixP3NsEeiIMkL24wW1tGzzZhlG49UkNlCvGT/wBHhiT1dAPV8dsadiXLArW17+TjNGVnTxfxmYYxrESW9/OJCbCKJR2caXuSt5ecRgseq+9Yig6o62DaLgSJXTMknNH/ADiyl7oI/wBdsDvGXSVK9qxjeDp0+W8MZKf6k+9f7Ygu7Ifi83U9JddPyZkqN9H/2Q=="" /></div>",2022-12-17T11:45:18.848Z,639d98ec38b2c988a48ef22c,2022-12-17T11:45:18.848Z,639d630838b2c988a48ef19c
0,639dac1aa57ea5f97dd6dcd9,"<p>cscsocw dwdiwdiw wdiw wudw udw iiww uw wuwuw</p>
<p>ti</p>",2022-12-17T11:45:18.848Z,639d98ec38b2c988a48ef22c,2022-12-17T11:45:18.848Z,639d630838b2c988a48ef19c
0,63a18e2e3424206a23a42b8f,<p>add reply</p>,2022-12-20T10:27:31.446Z,639d98ec38b2c988a48ef22c,2022-12-20T10:27:31.446Z,63a0433277e21bb8a9e1e0ac
0,63a18e769aaaf4db17d65d16,<p>reply</p>,2022-12-20T10:28:32.918Z,639d98ec38b2c988a48ef22c,2022-12-20T10:28:32.918Z,639d630838b2c988a48ef19c
0,63a18ed99aaaf4db17d65d47,<p>con mua qua</p>,2022-12-20T10:28:32.918Z,639d98ec38b2c988a48ef22c,2022-12-20T10:28:32.918Z,639d630838b2c988a48ef19c
0,63a18f218e5f74b498ba81a2,<p>sdsdssd</p>,2022-12-20T10:31:43.621Z,639d98ec38b2c988a48ef22c,2022-12-20T10:31:43.621Z,639d630838b2c988a48ef19c